GEOID,STATEFP,COUNTYFP,TRACTCE,Diversity_PCA1,Diversity_PCA2,stnd_Diversity_PCA1,stnd_Diversity_PCA2
37001020100,37,1,20100,-1.07557687,0.214039842,73.11057826,105.3509961
37001020200,37,1,20200,-0.997250977,-1.454597816,75.06872557,63.63505459
37001020301,37,1,20301,-0.86722265,-0.18916061,78.31943376,95.27098476
37001020302,37,1,20302,-0.678950107,-0.34058238,83.02624733,91.4854405
37001020400,37,1,20400,-0.413252231,-0.915207213,89.66869422,77.11981967
37001020501,37,1,20501,0.579627755,-0.837231334,114.4906939,79.06921665
37001020502,37,1,20502,-0.692373618,-0.414097222,82.69065955,89.64756945
37001020601,37,1,20601,1.334625149,-0.356095497,133.3656287,91.09761258
37001020602,37,1,20602,-0.018632276,0.174277285,99.5341931,104.3569321
37001020701,37,1,20701,-0.556284924,1.119463342,86.0928769,127.9865836
37001020702,37,1,20702,-0.721544327,0.596886423,81.96139184,114.9221606
37001020801,37,1,20801,0.062350067,0.50310079,101.5587517,112.5775198
37001020802,37,1,20802,-1.211360319,-0.448019518,69.71599202,88.79951205
37001020901,37,1,20901,0.348678713,-0.14403451,108.7169678,96.39913725
37001020902,37,1,20902,1.324036825,0.164750163,133.1009206,104.1187541
37001021000,37,1,21000,-1.34176572,0.103727945,66.45585701,102.5931986
37001021101,37,1,21101,-0.069473488,0.227510689,98.26316281,105.6877672
37001021102,37,1,21102,0.29284071,0.359125858,107.3210178,108.9781465
37001021201,37,1,21201,0.142786668,-0.464754058,103.5696667,88.38114854
37001021204,37,1,21204,0.808053343,0.068629806,120.2013336,101.7157451
37001021205,37,1,21205,-0.156536378,0.719093066,96.08659054,117.9773267
37001021206,37,1,21206,0.28466504,0.60260663,107.116626,115.0651657
37001021701,37,1,21701,0.626949728,1.154270768,115.6737432,128.8567692
37001021702,37,1,21702,0.271431756,0.231505088,106.7857939,105.7876272
37003040400,37,3,40400,0.9136261,1.28717965,122.8406525,132.1794913
37003040700,37,3,40700,1.916019092,0.322517688,147.9004773,108.0629422
37013930300,37,13,930300,-0.674654317,-0.379205376,83.13364206,90.51986561
37013930501,37,13,930501,0.645569245,0.577351018,116.1392311,114.4337755
37019020105,37,19,20105,0.778666555,0.04446455,119.4666639,101.1116138
37019020107,37,19,20107,0.146757145,1.265281801,103.6689286,131.632045
37019020108,37,19,20108,0.60811014,-0.195765665,115.2027535,95.10585836
37019020201,37,19,20201,0.56470742,0.918136406,114.1176855,122.9534101
37019020304,37,19,20304,0.939308697,1.251388334,123.4827174,131.2847084
37019020313,37,19,20313,1.12380335,-0.683117011,128.0950837,82.92207473
37019020314,37,19,20314,1.586761578,0.135869479,139.6690394,103.396737
37019020315,37,19,20315,0.423769701,1.283017175,110.5942425,132.0754294
37019020504,37,19,20504,0.32256939,0.665919229,108.0642348,116.6479807
37019020510,37,19,20510,0.202824369,1.218249716,105.0706092,130.4562429
37019020511,37,19,20511,0.990677992,1.571380785,124.7669498,139.2845196
37019020514,37,19,20514,1.44506956,0.426990108,136.126739,110.6747527
37019020516,37,19,20516,1.00623264,1.33139747,125.155816,133.2849367
37019020517,37,19,20517,0.598742586,1.158850496,114.9685646,128.9712624
37019020518,37,19,20518,0.421146361,2.144266597,110.528659,153.6066649
37021000100,37,21,100,-0.70556084,0.268892205,82.360979,106.7223051
37021000200,37,21,200,-1.014773782,0.187379527,74.63065545,104.6844882
37021000300,37,21,300,0.373634915,0.961184346,109.3408729,124.0296087
37021000400,37,21,400,0.043804266,1.693883017,101.0951067,142.3470754
37021000500,37,21,500,1.260191807,1.269861317,131.5047952,131.7465329
37021000600,37,21,600,-0.18444075,1.289836501,95.38898126,132.2459125
37021000700,37,21,700,-0.455727764,1.224852609,88.60680591,130.6213152
37021000800,37,21,800,0.547056007,0.231930372,113.6764002,105.7982593
37021000900,37,21,900,-1.191449601,0.624461534,70.21375997,115.6115384
37021001000,37,21,1000,0.18025207,-0.420964694,104.5063017,89.47588265
37021001100,37,21,1100,0.726988232,-0.873361271,118.1747058,78.16596822
37021001200,37,21,1200,0.605964445,0.930899839,115.1491111,123.272496
37021001300,37,21,1300,0.440784882,0.689284895,111.0196221,117.2321224
37021001401,37,21,1401,0.492662622,1.917094974,112.3165656,147.9273744
37021001402,37,21,1402,-0.707823715,0.568676158,82.30440712,114.216904
37021001500,37,21,1500,0.104038956,1.299225645,102.6009739,132.4806411
37021001601,37,21,1601,1.203275451,0.768968091,130.0818863,119.2242023
37021001802,37,21,1802,1.05033059,1.732796663,126.2582648,143.3199166
37021001900,37,21,1900,0.259793442,1.745831579,106.4948361,143.6457895
37021002000,37,21,2000,-0.224785683,0.206531471,94.38035793,105.1632868
37021002102,37,21,2102,0.158050268,0.999046807,103.9512567,124.9761702
37021002203,37,21,2203,-0.695265561,1.337148346,82.61836098,133.4287087
37021002205,37,21,2205,1.475807475,0.094731378,136.8951869,102.3682845
37021002303,37,21,2303,1.059304141,1.729578137,126.4826035,143.2394534
37021002503,37,21,2503,0.975907376,0.836567293,124.3976844,120.9141823
37021002505,37,21,2505,1.3335454,0.803094421,133.338635,120.0773605
37021002506,37,21,2506,0.776384641,1.328460059,119.409616,133.2115015
37021002607,37,21,2607,1.308778031,0.552892052,132.7194508,113.8223013
37021003002,37,21,3002,1.480915194,0.816342023,137.0228798,120.4085506
37021003003,37,21,3003,1.36556857,1.230463611,134.1392143,130.7615903
37021003105,37,21,3105,1.877609873,-0.049748904,146.9402468,98.7562774
37021003201,37,21,3201,1.444121446,0.81765842,136.1030361,120.4414605
37023020500,37,23,20500,0.005577474,0.105148377,100.1394369,102.6287094
37023020600,37,23,20600,-0.185567793,0.996323339,95.36080518,124.9080835
37023020801,37,23,20801,1.123551811,0.85407549,128.0887953,121.3518872
37023020802,37,23,20802,1.313698489,0.92407741,132.8424622,123.1019352
37023020902,37,23,20902,0.701583287,1.100723556,117.5395822,127.5180889
37023021100,37,23,21100,1.038361587,0.625047202,125.9590397,115.6261801
37023021301,37,23,21301,0.8327939,0.33497306,120.8198475,108.3743265
37025040501,37,25,40501,0.460894903,-0.617543342,111.5223726,84.56141645
37025040701,37,25,40701,0.743416115,0.192958322,118.5854029,104.8239581
37025040703,37,25,40703,-1.379000579,0.595093489,65.52498553,114.8773372
37025040704,37,25,40704,0.10295675,-1.101844793,102.5739188,72.45388019
37025040705,37,25,40705,0.619023807,-1.732479271,115.4755952,56.68801821
37025040800,37,25,40800,-0.100596724,-1.724209129,97.48508189,56.89477178
37025040900,37,25,40900,0.082000721,0.080832454,102.050018,102.0208113
37025041001,37,25,41001,0.211901335,-0.263629233,105.2975334,93.40926917
37025041002,37,25,41002,-1.045559308,-0.107041061,73.86101731,97.32397348
37025041304,37,25,41304,0.443721766,-0.883308087,111.0930441,77.91729783
37025041307,37,25,41307,0.549623871,-1.2902961,113.7405968,67.74259751
37025041504,37,25,41504,1.435318409,-1.666092864,135.8829602,58.3476784
37025041505,37,25,41505,0.798840422,-1.570435422,119.9710106,60.73911446
37025041901,37,25,41901,-0.365320581,-1.540176325,90.86698549,61.49559188
37025041902,37,25,41902,-1.213899104,-0.48014264,69.65252241,87.99643399
37025042000,37,25,42000,0.273089276,-0.565160294,106.8272319,85.87099265
37025042101,37,25,42101,-0.58629248,-1.610814133,85.34268799,59.72964668
37025042102,37,25,42102,0.435922924,-1.488379999,110.8980731,62.79050002
37025042201,37,25,42201,0.189417397,0.540162822,104.7354349,113.5040706
37025042202,37,25,42202,1.387591423,-0.931244736,134.6897856,76.7188816
37025042300,37,25,42300,-0.498899033,0.557497788,87.52752418,113.9374447
37025042401,37,25,42401,0.513235632,0.193987991,112.8308908,104.8496998
37025042402,37,25,42402,-0.83112527,0.575550765,79.22186824,114.3887691
37025042501,37,25,42501,0.313710931,1.120438193,107.8427733,128.0109548
37025042502,37,25,42502,-0.143418008,0.410763611,96.41454981,110.2690903
37025042503,37,25,42503,0.358920754,-0.484112233,108.9730188,87.89719419
37025042504,37,25,42504,1.433049002,0.286550323,135.8262251,107.1637581
37025042601,37,25,42601,0.787980281,-0.585638187,119.699507,85.35904533
37025042602,37,25,42602,-0.571991212,0.013063108,85.70021971,100.3265777
37025042603,37,25,42603,0.4385927,0.024158945,110.9648175,100.6039736
37025042604,37,25,42604,0.527659059,0.134055551,113.1914765,103.3513888
37027030100,37,27,30100,-0.771516899,0.398050288,80.71207751,109.9512572
37027030300,37,27,30300,0.740366255,-0.244326525,118.5091564,93.89183688
37027030400,37,27,30400,0.408945084,0.977068725,110.2236271,124.4267181
37027030600,37,27,30600,1.662300213,0.432071194,141.5575053,110.8017799
37027030700,37,27,30700,1.174519556,1.387169056,129.3629889,134.6792264
37027030801,37,27,30801,1.882383146,0.873568899,147.0595787,121.8392225
37027031403,37,27,31403,0.64611411,1.228258856,116.1528528,130.7064714
37031970304,37,31,970304,0.909852399,1.807837754,122.74631,145.1959439
37031970401,37,31,970401,-0.895764926,1.902736773,77.60587684,147.5684193
37031970403,37,31,970403,1.236240114,0.475841591,130.9060029,111.8960398
37031970503,37,31,970503,0.418787751,0.355936839,110.4696938,108.898421
37031970601,37,31,970601,0.807023983,0.501185386,120.1755996,112.5296346
37031970602,37,31,970602,1.933521654,-1.43262592,148.3380414,64.184352
37031970603,37,31,970603,1.196753828,1.179985273,129.9188457,129.4996318
37031970606,37,31,970606,0.943136803,1.183946007,123.5784201,129.5986502
37031970703,37,31,970703,0.743518252,0.319945968,118.5879563,107.9986492
37031970903,37,31,970903,0.872679382,0.637436036,121.8169845,115.9359009
37031970904,37,31,970904,0.916758463,2.385840465,122.9189616,159.6460116
37031971003,37,31,971003,1.121481529,2.789966762,128.0370382,169.7491691
37035010102,37,35,10102,0.781107535,0.809108688,119.5276884,120.2277172
37035010201,37,35,10201,1.163355734,0.783131518,129.0838934,119.578288
37035010204,37,35,10204,-0.224429216,0.750504668,94.38926959,118.7626167
37035010301,37,35,10301,1.111148416,0.054329668,127.7787104,101.3582417
37035010302,37,35,10302,0.848964988,1.195120219,121.2241247,129.8780055
37035010303,37,35,10303,0.172847974,0.122585304,104.3211993,103.0646326
37035010304,37,35,10304,-0.258392884,0.577856881,93.54017791,114.446422
37035010402,37,35,10402,-1.120183639,1.154546539,71.99540903,128.8636635
37035010403,37,35,10403,-0.435007141,1.688522296,89.12482149,142.2130574
37035010404,37,35,10404,-0.406429596,1.362835071,89.83926011,134.0708768
37035010501,37,35,10501,-0.086109603,0.788347581,97.84725993,119.7086895
37035010502,37,35,10502,1.408560363,0.231076048,135.2140091,105.7769012
37035010600,37,35,10600,-0.75412287,0.521125227,81.14692826,113.0281307
37035010700,37,35,10700,-1.002672464,0.314839005,74.93318839,107.8709751
37035010900,37,35,10900,-1.247889947,-0.826559624,68.80275132,79.33600941
37035011000,37,35,11000,-1.108790694,-0.021561752,72.28023266,99.4609562
37035011102,37,35,11102,0.621661759,0.877541047,115.541544,121.9385262
37035011200,37,35,11200,0.139228098,-0.026119176,103.4807024,99.3470206
37035011300,37,35,11300,0.324528007,0.254506127,108.1132002,106.3626532
37035011506,37,35,11506,1.54328192,1.104961718,138.582048,127.624043
37037020402,37,37,20402,-0.129373421,0.004643873,96.76566446,100.1160968
37045950400,37,45,950400,0.66401454,-0.15618423,116.6003635,96.09539426
37045950701,37,45,950701,0.655109846,-0.22225842,116.3777462,94.44353951
37045950702,37,45,950702,0.146306135,0.194705524,103.6576534,104.8676381
37045950800,37,45,950800,0.927697624,0.197810551,123.1924406,104.9452638
37045950900,37,45,950900,-0.330409597,-0.661123604,91.73976006,83.47190991
37045951000,37,45,951000,-0.156299474,-0.849808075,96.09251315,78.75479812
37045951100,37,45,951100,-0.557058556,-0.155325428,86.07353609,96.1168643
37045951200,37,45,951200,0.304584347,0.036479562,107.6146087,100.9119891
37049960402,37,49,960402,-0.103305063,-0.658127345,97.41737343,83.54681637
37049960403,37,49,960403,2.211115512,-0.320930408,155.2778878,91.9767398
37049960502,37,49,960502,-0.040800866,1.061770156,98.97997836,126.5442539
37049960600,37,49,960600,-0.799294061,-0.07718756,80.01764846,98.07031099
37049960700,37,49,960700,-0.02787642,-0.548278643,99.30308949,86.29303392
37049960800,37,49,960800,-0.983687253,-0.676373963,75.40781867,83.09065093
37049960900,37,49,960900,-0.980117265,0.556658808,75.49706838,113.9164702
37049961002,37,49,961002,1.235298881,0.29113855,130.882472,107.2784638
37049961003,37,49,961003,1.406296395,-0.432333354,135.1574099,89.19166615
37049961101,37,49,961101,1.902908874,-0.609693145,147.5727218,84.75767138
37049961202,37,49,961202,0.516550683,0.940142744,112.9137671,123.5035686
37051000200,37,51,200,-1.602950479,-0.07044521,59.92623803,98.23886976
37051000500,37,51,500,-0.363871344,-1.531158151,90.9032164,61.72104624
37051000600,37,51,600,-1.220131724,-0.152125389,69.49670691,96.19686527
37051000701,37,51,701,-0.01273529,-0.159611111,99.68161774,96.00972223
37051000702,37,51,702,0.215580168,-0.980038897,105.3895042,75.49902757
37051000800,37,51,800,-1.274026833,0.672884771,68.14932918,116.8221193
37051000900,37,51,900,-0.386016465,-0.040269886,90.34958838,98.99325285
37051001000,37,51,1000,-1.185906116,-0.341938997,70.3523471,91.45152507
37051001100,37,51,1100,-0.4804124,-2.57839115,87.98969001,35.54022126
37051001200,37,51,1200,-0.77097935,-0.087580543,80.72551625,97.81048642
37051001402,37,51,1402,-0.582508505,0.14742599,85.43728739,103.6856498
37051001500,37,51,1500,0.409597597,-0.204623274,110.2399399,94.88441815
37051001603,37,51,1603,-0.437173685,-0.509132701,89.07065789,87.27168248
37051001604,37,51,1604,-1.014268165,-0.096311658,74.64329587,97.59220855
37051001605,37,51,1605,-0.509072769,-0.132336412,87.27318077,96.6915897
37051001606,37,51,1606,-0.300674577,-0.243785576,92.48313558,93.90536061
37051001701,37,51,1701,-0.049595834,-1.721066013,98.76010414,56.97334968
37051001702,37,51,1702,-0.467324572,-0.944926656,88.3168857,76.3768336
37051001800,37,51,1800,-0.681484712,-0.62061592,82.96288221,84.48460199
37051001901,37,51,1901,0.020145082,-0.387615557,100.503627,90.30961108
37051001902,37,51,1902,-0.203283591,-1.640961689,94.91791022,58.97595779
37051001903,37,51,1903,-0.339462072,-0.645220999,91.5134482,83.86947503
37051002001,37,51,2001,-1.332235478,0.193970481,66.69411305,104.849262
37051002002,37,51,2002,-1.045889642,-0.356289371,73.85275894,91.09276572
37051002100,37,51,2100,-0.835611655,0.039779681,79.10970863,100.994492
37051002200,37,51,2200,-0.84988321,0.705715525,78.75291976,117.6428881
37051002301,37,51,2301,-1.091736295,0.191828994,72.70659263,104.7957249
37051002302,37,51,2302,-0.19809789,0.247927754,95.04755274,106.1981938
37051002401,37,51,2401,-1.057323272,-0.413971219,73.5669182,89.65071951
37051002402,37,51,2402,-1.120549892,0.396107297,71.98625269,109.9026824
37051002503,37,51,2503,-0.812091489,0.187690276,79.69771278,104.6922569
37051002504,37,51,2504,0.095281716,-0.072234496,102.3820429,98.19413761
37051002505,37,51,2505,-0.182087003,0.468599717,95.44782492,111.7149929
37051003102,37,51,3102,0.671862979,-0.240660415,116.7965745,93.98348962
37051003103,37,51,3103,0.595546244,-1.062465924,114.8886561,73.4383519
37051003105,37,51,3105,0.766615553,-0.400171419,119.1653888,89.99571452
37051003203,37,51,3203,-0.89960815,-0.267518526,77.50979625,93.31203685
37051003205,37,51,3205,0.080516038,-1.601067389,102.0129009,59.97331529
37051003206,37,51,3206,1.143700013,-1.778307148,128.5925003,55.5423213
37051003207,37,51,3207,0.887200536,-1.088054473,122.1800134,72.79863817
37051003208,37,51,3208,-1.203322629,-0.138747712,69.91693427,96.53130719
37051003209,37,51,3209,-0.194835557,-1.089926559,95.12911107,72.75183602
37051003302,37,51,3302,-1.21808026,0.100407807,69.54799351,102.5101952
37051003304,37,51,3304,-1.044189946,-0.64181032,73.89525136,83.954742
37051003307,37,51,3307,-0.300204784,-0.450110981,92.4948804,88.74722548
37051003310,37,51,3310,-0.925706969,-0.565732564,76.85732577,85.85668589
37051003312,37,51,3312,-0.342402196,-1.990447139,91.43994509,50.23882152
37051003313,37,51,3313,-0.150515163,-1.788975708,96.23712093,55.27560729
37051003314,37,51,3314,-0.389247113,-0.843106479,90.26882217,78.92233803
37051003315,37,51,3315,-0.588265594,-0.271041993,85.29336016,93.22395017
37051003317,37,51,3317,-0.402768969,-0.126170542,89.93077578,96.84573646
37051003318,37,51,3318,-1.136934796,0.11220331,71.5766301,102.8050828
37051003401,37,51,3401,-0.393556187,0.260392044,90.16109532,106.5098011
37051003403,37,51,3403,-0.518487764,-0.030196522,87.0378059,99.24508696
37051003408,37,51,3408,-0.747466718,0.915408502,81.31333206,122.8852126
37051003409,37,51,3409,0.350273056,-0.471730232,108.7568264,88.20674419
37051003410,37,51,3410,-0.08372082,0.242446366,97.90697949,106.0611592
37051003501,37,51,3501,-1.536414926,0.087183806,61.58962685,102.1795952
37051003502,37,51,3502,-1.135000595,0.17050545,71.62498512,104.2626363
37051003601,37,51,3601,-0.453053561,0.959647629,88.67366098,123.9911907
37051003800,37,51,3800,-1.211659569,-0.609753401,69.70851078,84.75616497
37055970101,37,55,970101,2.024307496,0.201249398,150.6076874,105.031235
37055970200,37,55,970200,0.841818305,0.102723268,121.0454576,102.5680817
37055970302,37,55,970302,0.546886811,0.701975395,113.6721703,117.5493849
37055970601,37,55,970601,0.917187963,1.066794311,122.9296991,126.6698578
37057060202,37,57,60202,1.444042375,1.13391039,136.1010594,128.3477598
37057060203,37,57,60203,1.754883768,0.21012738,143.8720942,105.2531845
37057060301,37,57,60301,1.633333996,0.62303404,140.8333499,115.575851
37057060302,37,57,60302,1.445219073,1.03421501,136.1304768,125.8553752
37057060700,37,57,60700,-0.354058343,-1.263805044,91.14854143,68.4048739
37057060800,37,57,60800,-0.586268771,-0.465495033,85.34328074,88.36262417
37057060900,37,57,60900,0.535570262,-0.389792537,113.3892566,90.25518657
37057061000,37,57,61000,-0.37312297,-0.162851814,90.67192576,95.92870465
37057061101,37,57,61101,0.9027244,0.222488858,122.56811,105.5622215
37057061102,37,57,61102,1.5552936,0.612750984,138.88234,115.3187746
37057061203,37,57,61203,-0.024602513,0.957299334,99.38493718,123.9324833
37057061300,37,57,61300,-0.67722825,0.047936793,83.06929376,101.1984198
37057061400,37,57,61400,-0.528689563,-0.31190208,86.78276094,92.20244801
37057061501,37,57,61501,-0.629672168,-0.362166802,84.25819581,90.94582996
37057061502,37,57,61502,1.298045373,-0.747363635,132.4511343,81.31590913
37057061600,37,57,61600,0.028702639,0.524756142,100.717566,113.1189036
37057061701,37,57,61701,1.282509389,1.038129609,132.0627347,125.9532402
37059080301,37,59,80301,1.282640103,0.922928871,132.0660026,123.0732218
37059080500,37,59,80500,0.951345225,0.368255755,123.7836306,109.2063939
37061090706,37,61,90706,0.572917554,-0.415856434,114.3229389,89.60358915
37063000101,37,63,101,0.460173887,-2.599067862,111.5043472,35.02330345
37063000102,37,63,102,-0.705455857,-0.404186771,82.36360357,89.89533072
37063000200,37,63,200,-0.720066354,0.468354135,81.99834116,111.7088534
37063000301,37,63,301,-1.262810005,0.579388489,68.42974989,114.4847122
37063000401,37,63,401,0.932558223,-0.702185623,123.3139556,82.44535943
37063000402,37,63,402,-0.779241514,1.133195307,80.51896214,128.3298827
37063000500,37,63,500,-1.393491468,0.401881737,65.1627133,110.0470434
37063000600,37,63,600,0.057593506,0.311840964,101.4398376,107.7960241
37063000700,37,63,700,-0.208916929,0.232940623,94.77707678,105.8235156
37063000900,37,63,900,-1.230088995,-1.043634346,69.24777513,73.90914135
37063001001,37,63,1001,-1.521868414,-0.760887958,61.95328965,80.97780106
37063001002,37,63,1002,-1.594940602,-0.333764453,60.12648496,91.65588868
37063001100,37,63,1100,-2.295175852,0.143001119,42.62060369,103.575028
37063001301,37,63,1301,-1.668695411,-0.69347098,58.28261473,82.6632255
37063001303,37,63,1303,-1.122055418,-2.317622348,71.94861456,42.05944131
37063001304,37,63,1304,-1.197847053,-0.68377883,70.05382367,82.90552924
37063001400,37,63,1400,-1.929311458,-0.608388026,51.76721355,84.79029935
37063001501,37,63,1501,-1.454467427,-0.893746598,63.63831433,77.65633504
37063001503,37,63,1503,-0.19347138,-3.302792957,95.1632155,17.43017608
37063001504,37,63,1504,-1.160877062,-0.360896341,70.97807346,90.97759148
37063001505,37,63,1505,-1.595981477,-0.754835108,60.10046307,81.12912229
37063001601,37,63,1601,1.625973491,-1.551905816,140.6493373,61.20235459
37063001604,37,63,1604,2.042579533,-0.859646831,151.0644883,78.50882923
37063001705,37,63,1705,0.002055229,-0.285245796,100.0513807,92.86885509
37063001706,37,63,1706,-0.259605931,1.347784596,93.50985173,133.6946149
37063001708,37,63,1708,-0.181520346,-1.057875189,95.46199136,73.55312027
37063001710,37,63,1710,-0.630593573,-0.087572711,84.23516066,97.81068223
37063001711,37,63,1711,-0.969500289,0.725660459,75.76249278,118.1415115
37063001712,37,63,1712,0.824872716,1.542477922,120.6218179,138.5619481
37063001713,37,63,1713,1.244536058,-0.380523536,131.1134015,90.48691161
37063001802,37,63,1802,-0.783425581,-0.803208828,80.41436047,79.9197793
37063001809,37,63,1809,-0.563281964,0.649295131,85.91795091,116.2323783
37063001810,37,63,1810,-0.611332,-0.37022579,84.7167,90.74435524
37063001811,37,63,1811,0.251964497,-2.529687688,106.2991124,36.7578078
37063002007,37,63,2007,0.302739522,0.357274187,107.5684881,108.9318547
37063002008,37,63,2008,2.020305653,-0.442043836,150.5076413,88.9489041
37063002009,37,63,2009,-0.453002996,-2.080634814,88.67492511,47.98412965
37063002013,37,63,2013,0.827178904,-0.578156872,120.6794726,85.54607819
37063002015,37,63,2015,-1.281032055,0.184775769,67.97419861,104.6193942
37063002021,37,63,2021,-0.848770466,0.60010317,78.78073836,115.0025793
37063002022,37,63,2022,-0.917253489,0.835314782,77.06866276,120.8828696
37063002023,37,63,2023,-0.006946396,1.321262299,99.82634011,133.0315575
37063002024,37,63,2024,-0.152975575,0.992525065,96.17561063,124.8131266
37063002025,37,63,2025,-0.253599635,-0.554278138,93.66000912,86.14304654
37063002026,37,63,2026,-1.185833901,0.132216697,70.35415247,103.3054174
37063002029,37,63,2029,0.106571983,1.472116296,102.6642996,136.8029074
37063002031,37,63,2031,-1.440029481,0.350917333,63.99926298,108.7729333
37063002032,37,63,2032,-0.097600114,-1.549799852,97.55999716,61.25500371
37063002033,37,63,2033,0.415366386,1.291921329,110.3841597,132.2980332
37063002034,37,63,2034,-0.026729553,1.217025652,99.33176118,130.4256413
37063002035,37,63,2035,-0.669239877,0.627608301,83.26900307,115.6902075
37063002200,37,63,2200,-1.321300607,-0.155719246,66.96748483,96.10701885
37063002300,37,63,2300,-2.101598244,0.30358584,47.46004389,107.589646
37065020300,37,65,20300,-0.652852417,-0.721643096,83.67868958,81.95892259
37065020400,37,65,20400,0.017784901,-2.00678576,100.4446225,49.830356
37065021000,37,65,21000,-0.023005985,-0.736775682,99.42485037,81.58060795
37067000100,37,67,100,-1.371769937,-0.707968239,65.70575158,82.30079402
37067000200,37,67,200,-1.371535405,-0.002024629,65.71161488,99.94938428
37067000301,37,67,301,-2.161006634,-0.326969476,45.97483415,91.8257631
37067000302,37,67,302,-1.089805916,-2.780098554,72.75485211,30.49753615
37067000400,37,67,400,-1.545433726,-1.674012285,61.36415685,58.14969288
37067000500,37,67,500,-1.732493368,-1.092453489,56.6876658,72.68866278
37067000600,37,67,600,-2.24980704,-0.470978343,43.754824,88.22554144
37067000700,37,67,700,-2.416410206,-0.40255395,39.58974485,89.93615124
37067000801,37,67,801,-1.844208372,-1.085829509,53.89479071,72.85426228
37067000802,37,67,802,-1.931323988,-0.311188488,51.7169003,92.2202878
37067000900,37,67,900,-1.40710373,0.761980661,64.82240675,119.0495165
37067001000,37,67,1000,-0.869866657,-0.04673199,78.25333358,98.83170026
37067001100,37,67,1100,-1.20799781,1.342130313,69.80005476,133.5532578
37067001200,37,67,1200,0.306518404,-1.137235775,107.6629601,71.56910562
37067001300,37,67,1300,0.183271199,1.537180803,104.58178,138.4295201
37067001400,37,67,1400,-1.318367774,-0.728878801,67.04080565,81.77802998
37067001500,37,67,1500,-0.441403625,-1.973097559,88.96490938,50.67256103
37067001601,37,67,1601,-0.066683166,-2.867584929,98.33292086,28.31037679
37067001602,37,67,1602,-1.377861938,-0.826592406,65.55345155,79.33518986
37067001700,37,67,1700,-0.308464107,-0.952337448,92.28839731,76.19156381
37067001800,37,67,1800,-0.200220602,-2.550427394,94.99448494,36.23931514
37067001901,37,67,1901,-0.775214177,-2.455596088,80.61964556,38.61009779
37067001902,37,67,1902,-0.141816578,-1.449199539,96.45458554,63.77001153
37067002001,37,67,2001,-0.577563722,-2.153125662,85.56090695,46.17185845
37067002002,37,67,2002,-0.725086109,-0.718669854,81.87284728,82.03325364
37067002100,37,67,2100,0.277309831,-1.192493988,106.9327458,70.18765031
37067002200,37,67,2200,-0.449287447,0.366058963,88.76781382,109.1514741
37067002501,37,67,2501,1.04981005,0.939063596,126.2452512,123.4765899
37067002502,37,67,2502,1.797242488,-0.502496212,144.9310622,87.43759469
37067002601,37,67,2601,1.316452816,-0.34318092,132.9113204,91.42047701
37067002604,37,67,2604,0.853902902,-1.032621976,121.3475725,74.18445061
37067002605,37,67,2605,0.022225832,1.536065455,100.5556458,138.4016364
37067002606,37,67,2606,0.865884623,0.42019798,121.6471156,110.5049495
37067002701,37,67,2701,-0.677760821,0.164478761,83.05597947,104.111969
37067002702,37,67,2702,-0.989970325,-0.145020987,75.25074188,96.37447532
37067002704,37,67,2704,-0.933691203,-1.045909539,76.65771992,73.85226153
37067002705,37,67,2705,-0.093304256,0.381676439,97.6673936,109.541911
37067002804,37,67,2804,0.938471628,-0.40296628,123.4617907,89.92584299
37067002806,37,67,2806,-0.835341014,0.44083895,79.11647465,111.0209737
37067002903,37,67,2903,1.059975845,-0.804373609,126.4993961,79.89065978
37067003002,37,67,3002,0.53884521,-1.524425783,113.4711302,61.88935543
37067003004,37,67,3004,0.661212994,0.752507948,116.5303248,118.8126987
37067003105,37,67,3105,1.31346863,0.288355188,132.8367158,107.2088797
37067003108,37,67,3108,0.378720001,0.868490149,109.468,121.7122537
37067003201,37,67,3201,0.543307307,0.864917235,113.5826827,121.6229309
37067003202,37,67,3202,-0.451039929,1.005044544,88.72400177,125.1261136
37067003307,37,67,3307,0.288554513,0.916082826,107.2138628,122.9020707
37067003308,37,67,3308,1.606403532,-1.22576029,140.1600883,69.35599275
37067003309,37,67,3309,0.054701193,-0.431856894,101.3675298,89.20357766
37067003310,37,67,3310,1.227415467,-2.145677957,130.6853867,46.35805108
37067003311,37,67,3311,1.537056514,-1.198201045,138.4264128,70.04497387
37067003314,37,67,3314,1.101398618,0.5847969,127.5349654,114.6199225
37067003315,37,67,3315,0.006272417,1.64053817,100.1568104,141.0134543
37067003402,37,67,3402,1.543451383,-0.214698293,138.5862846,94.63254267
37067003403,37,67,3403,-0.560928666,0.406106904,85.97678334,110.1526726
37067003404,37,67,3404,-0.616366205,-0.776005675,84.59084486,80.59985812
37067003500,37,67,3500,-0.079946248,-0.074747571,98.00134381,98.13131073
37067003600,37,67,3600,0.699878012,-1.174552089,117.4969503,70.63619777
37067003701,37,67,3701,-0.791046209,-0.079320987,80.22384478,98.01697534
37067003702,37,67,3702,-0.072715458,-0.161203501,98.18211354,95.96991246
37067003703,37,67,3703,0.47726642,-0.532876065,111.9316605,86.67809837
37067003804,37,67,3804,-0.503327274,1.104345558,87.41681814,127.6086389
37067003805,37,67,3805,-0.829694896,0.476787264,79.2576276,111.9196816
37067003806,37,67,3806,1.040770526,-0.328559024,126.0192631,91.78602441
37067003903,37,67,3903,-0.993708169,0.322664467,75.15729579,108.0666117
37067003904,37,67,3904,-0.002189337,1.214855471,99.94526658,130.3713868
37067003905,37,67,3905,0.093116306,1.260548342,102.3279076,131.5137085
37067003906,37,67,3906,1.763276289,-1.034446761,144.0819072,74.13883097
37067003908,37,67,3908,1.973455718,-1.073409369,149.336393,73.16476577
37067003909,37,67,3909,0.690572191,1.0700724,117.2643048,126.75181
37067004005,37,67,4005,1.58841378,0.769513283,139.7103445,119.2378321
37067004010,37,67,4010,0.757342039,1.091865306,118.933551,127.2966326
37067004011,37,67,4011,1.104523694,0.668642348,127.6130924,116.7160587
37067004012,37,67,4012,0.608426868,0.849590942,115.2106717,121.2397735
37067004013,37,67,4013,-0.043873993,1.483469518,98.90315017,137.0867379
37067004014,37,67,4014,0.768390443,0.068556722,119.2097611,101.7139181
37067004015,37,67,4015,1.193306172,0.27498273,129.8326543,106.8745682
37067004103,37,67,4103,1.670888068,-0.042206758,141.7722017,98.94483105
37071030105,37,71,30105,0.555280634,0.334945269,113.8820159,108.3736317
37071030106,37,71,30106,0.941715972,-1.047795048,123.5428993,73.8051238
37071030401,37,71,30401,1.590844675,0.624848834,139.7711169,115.6212209
37071030404,37,71,30404,0.996011705,-0.564387916,124.9002926,85.8903021
37071030901,37,71,30901,0.584474635,-0.290482879,114.6118659,92.73792802
37071030902,37,71,30902,0.422986183,-0.775498429,110.5746546,80.61253927
37071031001,37,71,31001,1.394227793,1.035503463,134.8556948,125.8875866
37071031004,37,71,31004,0.500869693,0.807696989,112.5217423,120.1924247
37071031005,37,71,31005,1.512508676,0.058130138,137.8127169,101.4532534
37071031006,37,71,31006,1.496981335,-0.248649224,137.4245334,93.7837694
37071031102,37,71,31102,-0.413300702,0.865812102,89.66748245,121.6453025
37071031202,37,71,31202,0.148832828,1.352267217,103.7208207,133.8066804
37071031203,37,71,31203,0.249067875,1.827306413,106.2266969,145.6826603
37071031204,37,71,31204,0.379587903,1.040767471,109.4896976,126.0191868
37071031301,37,71,31301,1.091375816,-0.973132067,127.2843954,75.67169832
37071031303,37,71,31303,-0.540133398,0.250904471,86.49666506,106.2726118
37071031304,37,71,31304,1.233602165,-0.691112324,130.8400541,82.72219189
37071031401,37,71,31401,-0.106782821,0.555842619,97.33042948,113.8960655
37071031402,37,71,31402,1.51306459,-1.150523471,137.8266148,71.23691322
37071031800,37,71,31800,-0.028821734,-1.844651302,99.27945665,53.88371744
37071031901,37,71,31901,-1.355518663,-1.001908218,66.11203342,74.95229456
37071032000,37,71,32000,-0.707447438,-1.486125429,82.31381404,62.84686427
37071032100,37,71,32100,-1.323761798,-0.231855577,66.90595505,94.20361057
37071032201,37,71,32201,0.425829017,0.685442145,110.6457254,117.1360536
37071032202,37,71,32202,0.292825723,1.530383906,107.3206431,138.2595977
37071032301,37,71,32301,0.288636794,0.486176448,107.2159198,112.1544112
37071032302,37,71,32302,0.430290966,0.609682209,110.7572741,115.2420552
37071032403,37,71,32403,1.392986678,0.795513846,134.8246669,119.8878462
37071032404,37,71,32404,0.213415496,0.660756544,105.3353874,116.5189136
37071032405,37,71,32405,1.96425065,-0.219277676,149.1062663,94.51805809
37071032406,37,71,32406,1.772516367,-0.840452272,144.3129092,78.98869321
37071032505,37,71,32505,-0.69124885,0.713515322,82.71877876,117.8378831
37071032506,37,71,32506,-0.39793808,0.286223174,90.051548,107.1555793
37071032507,37,71,32507,1.265587688,-1.057464202,131.6396922,73.56339496
37071032508,37,71,32508,1.488099034,-0.192249798,137.2024759,95.19375506
37071032509,37,71,32509,1.887979088,-0.2560803,147.1994772,93.59799249
37071032600,37,71,32600,0.59676695,-0.798654935,114.9191737,80.03362662
37071032702,37,71,32702,-0.005304591,1.427725436,99.86738522,135.6931359
37071032703,37,71,32703,-0.163719359,-0.8496258,95.90701602,78.759355
37071032704,37,71,32704,-0.932128553,0.755616891,76.69678618,118.8904223
37071032801,37,71,32801,-0.855587874,0.600540935,78.61030316,115.0135234
37071032802,37,71,32802,-0.443240439,0.632531155,88.91898903,115.8132789
37071032900,37,71,32900,-0.784371578,-0.427333173,80.39071055,89.31667068
37071033100,37,71,33100,-0.104900552,-0.424134565,97.37748621,89.39663588
37071033202,37,71,33202,0.865929152,-0.233790861,121.6482288,94.15522847
37071033203,37,71,33203,-0.094444955,-1.289199935,97.63887613,67.77000163
37071033204,37,71,33204,0.077791474,-0.745158953,101.9447869,81.37102618
37071033303,37,71,33303,1.553787616,-0.221931871,138.8446904,94.45170322
37071033310,37,71,33310,1.174456833,0.495291585,129.3614208,112.3822896
37071033312,37,71,33312,1.217038589,-0.290476978,130.4259647,92.73807555
37071033313,37,71,33313,1.264352464,-0.665011019,131.6088116,83.37472452
37071033502,37,71,33502,1.674237962,-0.160836912,141.8559491,95.97907719
37077970400,37,77,970400,-0.527589613,-0.346983606,86.81025967,91.32540986
37077970606,37,77,970606,1.358153673,-1.645510663,133.9538418,58.86223343
37077970702,37,77,970702,-0.1121489,0.033509438,97.19627751,100.837736
37077970703,37,77,970703,0.021003922,0.438578722,100.5250981,110.9644681
37081010100,37,81,10100,-1.270290904,-1.55979712,68.24272739,61.00507199
37081010200,37,81,10200,-1.680515434,-0.322550452,57.98711414,91.93623871
37081010300,37,81,10300,-0.847221249,-2.536443452,78.81946878,36.58891369
37081010401,37,81,10401,-0.099203915,0.696945884,97.51990212,117.4236471
37081010403,37,81,10403,-0.059390949,-0.362673798,98.51522628,90.93315504
37081010404,37,81,10404,1.611174057,-0.279628541,140.2793514,93.00928647
37081010500,37,81,10500,0.091358939,1.08799825,102.2839735,127.1999563
37081010601,37,81,10601,-0.041255321,-0.026642884,98.96861697,99.3339279
37081010602,37,81,10602,-1.513504092,0.615459934,62.16239771,115.3864983
37081010701,37,81,10701,-1.258786614,0.643080323,68.53033466,116.0770081
37081010702,37,81,10702,-1.546380995,0.478756705,61.34047512,111.9689176
37081010800,37,81,10800,-1.352936798,-0.172206125,66.17658005,95.69484687
37081010900,37,81,10900,-2.08855515,-0.20474168,47.78612125,94.88145801
37081011000,37,81,11000,-2.235361434,-1.227495977,44.11596416,69.31260059
37081011101,37,81,11101,-1.746002643,-0.79006051,56.34993393,80.24848724
37081011102,37,81,11102,-0.524695854,-2.934932617,86.88260366,26.62668457
37081011201,37,81,11201,-2.217517351,-0.76102889,44.56206624,80.97427776
37081011202,37,81,11202,-2.026208322,-1.039500654,49.34479195,74.01248365
37081011300,37,81,11300,-1.003568226,-2.641213962,74.91079435,33.96965095
37081011400,37,81,11400,-2.11834256,-0.729457614,47.041436,81.76355964
37081011500,37,81,11500,-0.685775432,-1.489817303,82.85561419,62.75456743
37081011601,37,81,11601,-0.478310723,-2.345708801,88.04223193,41.35727997
37081011602,37,81,11602,-1.445847552,-1.058744466,63.85381119,73.53138834
37081011904,37,81,11904,-1.030299833,0.078420888,74.24250417,101.9605222
37081011905,37,81,11905,-0.450601418,-1.396544879,88.73496455,65.08637802
37081012503,37,81,12503,0.363077799,-0.324981713,109.076945,91.87545717
37081012504,37,81,12504,-1.342479407,0.475194581,66.43801483,111.8798645
37081012505,37,81,12505,1.554479369,-0.46845322,138.8619842,88.2886695
37081012508,37,81,12508,0.670611182,-0.712012995,116.7652795,82.19967513
37081012509,37,81,12509,1.148246586,-0.943389885,128.7061646,76.41525287
37081012510,37,81,12510,0.989379039,-0.647655285,124.734476,83.80861788
37081012511,37,81,12511,1.717800986,-0.795526167,142.9450247,80.11184582
37081012604,37,81,12604,-1.435482833,-0.915150636,64.11292917,77.12123409
37081012607,37,81,12607,-0.517381503,-0.857643114,87.06546242,78.55892215
37081012608,37,81,12608,-1.493142195,-0.830774021,62.67144513,79.23064949
37081012610,37,81,12610,-0.892054767,-2.068197939,77.69863083,48.29505153
37081012611,37,81,12611,-1.771952244,-0.073206692,55.7011939,98.1698327
37081012612,37,81,12612,-1.56703215,-0.702642633,60.82419624,82.43393417
37081012617,37,81,12617,-1.6516586,-0.168062286,58.70853499,95.79844286
37081012618,37,81,12618,-2.092991347,-0.017090629,47.67521633,99.57273429
37081012619,37,81,12619,-1.732663125,0.321855684,56.68342188,108.0463921
37081012620,37,81,12620,-1.62282666,-0.073041248,59.4293335,98.17396879
37081012621,37,81,12621,-0.897989218,-0.450385129,77.55026954,88.74037178
37081012703,37,81,12703,-0.963793734,0.067578553,75.90515666,101.6894638
37081012704,37,81,12704,-1.355519641,-0.495978432,66.11200897,87.60053919
37081012705,37,81,12705,-0.976035558,-2.040205679,75.59911106,48.99485802
37081012706,37,81,12706,-1.466999286,-1.173160075,63.32501785,70.67099812
37081012707,37,81,12707,-1.894011472,-0.903188418,52.6497132,77.42028956
37081012804,37,81,12804,-1.900212767,-0.223081179,52.49468083,94.42297053
37081012805,37,81,12805,-1.129506792,-0.277208984,71.7623302,93.0697754
37081013601,37,81,13601,-0.820374568,-1.086503517,79.4906358,72.83741208
37081013602,37,81,13602,-0.601530743,-1.865293639,84.96173142,53.36765903
37081013700,37,81,13700,0.421336345,-0.890501172,110.5334086,77.7374707
37081013800,37,81,13800,-1.393012907,-1.438891334,65.17467733,64.02771664
37081013900,37,81,13900,-2.083955786,-0.439385201,47.90110536,89.01536997
37081014000,37,81,14000,-1.307675249,-0.411979936,67.30811879,89.70050161
37081014200,37,81,14200,-1.208490231,-1.327391949,69.78774422,66.81520128
37081014300,37,81,14300,-1.746691676,-0.991917215,56.3327081,75.20206962
37081014407,37,81,14407,-0.325741931,0.592361122,91.85645172,114.809028
37081014408,37,81,14408,-0.805751166,-1.147376856,79.85622086,71.3155786
37081014409,37,81,14409,-0.306454468,0.194652596,92.33863829,104.8663149
37081014410,37,81,14410,-0.953131149,0.476513141,76.17172128,111.9128285
37081014411,37,81,14411,-1.467586912,-0.324359108,63.3103272,91.89102229
37081014412,37,81,14412,0.169475932,0.663371742,104.2368983,116.5842936
37081014501,37,81,14501,-1.195791276,-0.283467329,70.10521811,92.91331679
37081014502,37,81,14502,-0.733565246,-0.858170161,81.66086886,78.54574599
37081014503,37,81,14503,-0.619155844,-1.608237877,84.52110391,59.79405309
37081015703,37,81,15703,-0.162924943,1.37712797,95.92687643,134.4281993
37081015704,37,81,15704,0.362844144,1.476289728,109.0711036,136.9072432
37081015705,37,81,15705,-0.041352977,1.356957315,98.96617558,133.9239329
37081015706,37,81,15706,0.985926719,-1.662700093,124.648168,58.43249767
37081015707,37,81,15707,0.002933626,0.669153459,100.0733406,116.7288365
37081015800,37,81,15800,2.227118344,-0.63422996,155.6779586,84.144251
37081016003,37,81,16003,1.369924092,-0.535474781,134.2481023,86.61313049
37081016005,37,81,16005,0.744098291,1.735075652,118.6024573,143.3768913
37081016006,37,81,16006,-0.371944455,1.474069587,90.70138862,136.8517397
37081016007,37,81,16007,-0.453037596,1.745086741,88.67406009,143.6271685
37081016008,37,81,16008,0.895722099,-0.276316665,122.3930525,93.09208337
37081016009,37,81,16009,1.128034493,-0.282311811,128.2008623,92.94220472
37081016010,37,81,16010,-0.237258531,1.292603598,94.06853672,132.3150899
37081016011,37,81,16011,-1.160649709,0.19315364,70.98375728,104.828841
37081016101,37,81,16101,-0.017614568,1.557489873,99.55963581,138.9372468
37081016102,37,81,16102,-1.254979483,0.77425935,68.62551292,119.3564838
37081016103,37,81,16103,-1.027928369,0.752800034,74.30179077,118.8200008
37081016205,37,81,16205,-0.366400477,0.572416653,90.83998808,114.3104163
37081016303,37,81,16303,0.74196388,-0.005239195,118.549097,99.86902012
37081016305,37,81,16305,0.708144675,0.191880697,117.7036169,104.7970174
37081016306,37,81,16306,-0.406479722,0.656040027,89.83800694,116.4010007
37081016405,37,81,16405,-0.489511581,-0.558017552,87.76221047,86.0495612
37081016406,37,81,16406,-0.908671226,1.022043477,77.28321936,125.5510869
37081016407,37,81,16407,0.155656084,-0.0478511,103.8914021,98.8037225
37081016408,37,81,16408,1.558095886,-0.184305087,138.9523971,95.39237283
37081016409,37,81,16409,1.2455339,-0.285732348,131.1383475,92.8566913
37081016410,37,81,16410,-0.269275916,-0.196972477,93.26810211,95.07568808
37081016502,37,81,16502,0.40478972,-0.031302487,110.119743,99.21743783
37081016503,37,81,16503,-1.187696936,0.532067269,70.3075766,113.3016817
37081016505,37,81,16505,-0.753832589,0.558825856,81.15418528,113.9706464
37081017101,37,81,17101,1.608260246,-0.894140001,140.2065062,77.64649997
37081017102,37,81,17102,0.841694675,-0.602252714,121.0423669,84.94368215
37083930200,37,83,930200,-0.411278769,0.399045924,89.71803078,109.9761481
37083930300,37,83,930300,0.44095904,-0.606659891,111.023976,84.83350273
37083930400,37,83,930400,-0.977680715,-0.452040856,75.55798214,88.69897861
37083930501,37,83,930501,-0.008320705,-0.016865096,99.79198237,99.57837259
37085070802,37,85,70802,0.673794401,1.759783722,116.84486,143.9945931
37085070901,37,85,70901,0.747079131,0.257781771,118.6769783,106.4445443
37085071202,37,85,71202,0.266104532,0.231609181,106.6526133,105.7902295
37085071303,37,85,71303,1.324988977,-1.279990076,133.1247244,68.00024811
37087920502,37,87,920502,1.267788502,1.48112937,131.6947125,137.0282343
37087920602,37,87,920602,1.423043936,0.999479584,135.5760984,124.9869896
37087920900,37,87,920900,0.111579134,1.855520174,102.7894783,146.3880044
37087921201,37,87,921201,-0.055573307,1.139924331,98.61066733,128.4981083
37089930302,37,89,930302,0.723077118,0.921815177,118.0769279,123.0453794
37089930402,37,89,930402,0.925712952,1.246280426,123.1428238,131.1570107
37089930501,37,89,930501,0.474272734,0.74712519,111.8568183,118.6781297
37089930600,37,89,930600,0.20081852,1.390112596,105.020463,134.7528149
37089930800,37,89,930800,1.679739574,0.301932503,141.9934894,107.5483126
37089930900,37,89,930900,0.92467034,0.528178978,123.1167585,113.2044744
37089931000,37,89,931000,0.140514352,1.47950543,103.5128588,136.9876357
37089931100,37,89,931100,-0.725159177,-0.296596762,81.87102059,92.58508095
37089931200,37,89,931200,-0.892820991,0.896679943,77.67947523,122.4169986
37089931300,37,89,931300,0.028476854,0.962650468,100.7119213,124.0662617
37089931402,37,89,931402,0.172441973,-0.07218558,104.3110493,98.1953605
37089931700,37,89,931700,1.163020951,0.935763577,129.0755238,123.3940894
37089931801,37,89,931801,1.532657257,0.495998872,138.3164314,112.3999718
37089931802,37,89,931802,2.059408985,0.160042634,151.4852246,104.0010658
37093970105,37,93,970105,-0.051820619,-0.608105359,98.70448453,84.79736602
37093970107,37,93,970107,0.531727218,-0.377747978,113.2931804,90.55630056
37093970300,37,93,970300,-0.226769143,-0.742038915,94.33077142,81.44902712
37097060100,37,97,60100,-0.263972334,0.166550576,93.40069166,104.1637644
37097060200,37,97,60200,-0.18297399,-1.436172944,95.42565025,64.09567639
37097060300,37,97,60300,0.021471612,-1.1899876,100.5367903,70.25031001
37097060400,37,97,60400,-0.317113891,-0.633115198,92.07215274,84.17212005
37097060500,37,97,60500,-0.437934673,0.244806183,89.05163317,106.1201546
37097060601,37,97,60601,-0.332957217,0.485328718,91.67606958,112.133218
37097061003,37,97,61003,0.679404365,0.27916636,116.9851091,106.979159
37097061203,37,97,61203,0.869758602,0.675136414,121.7439651,116.8784103
37097061204,37,97,61204,2.056631632,-0.349414035,151.4157908,91.26464913
37097061304,37,97,61304,0.392540593,1.102516609,109.8135148,127.5629152
37097061402,37,97,61402,0.574949989,1.412862377,114.3737497,135.3215594
37097061403,37,97,61403,-0.482050217,1.505567142,87.94874458,137.6391786
37097061404,37,97,61404,0.667794557,0.709190189,116.6948639,117.7297547
37097061405,37,97,61405,1.644142462,-0.466503882,141.1035616,88.33740294
37097061406,37,97,61406,1.886261305,-0.152228568,147.1565326,96.1942858
37097061407,37,97,61407,1.510490141,0.706665861,137.7622535,117.6666465
37097061501,37,97,61501,0.354569131,-0.154354701,108.8642283,96.14113248
37097061601,37,97,61601,-0.595775574,0.230387756,85.10561065,105.7596939
37097061603,37,97,61603,0.284454203,1.22165957,107.1113551,130.5414892
37097061604,37,97,61604,0.562870705,-0.583978859,114.0717676,85.40052854
37097061605,37,97,61605,1.169531435,0.360379752,129.2382859,109.0094938
37101040207,37,101,40207,1.560715734,-0.13356001,139.0178933,96.66099976
37101040208,37,101,40208,1.522890511,-0.446813447,138.0722628,88.82966382
37101040210,37,101,40210,2.321840292,-0.664027302,158.0460073,83.39931744
37101040303,37,101,40303,-0.310125237,-0.37052723,92.24686909,90.73681926
37101040700,37,101,40700,-0.153833783,0.039745754,96.15415542,100.9936439
37101040800,37,101,40800,-0.016334921,0.064157113,99.59162697,101.6039278
37101040906,37,101,40906,1.39262058,-0.185363865,134.8155145,95.36590337
37101041003,37,101,41003,0.293832156,0.712681311,107.3458039,117.8170328
37101041004,37,101,41004,-0.425519569,1.000888153,89.36201078,125.0222038
37101041108,37,101,41108,1.012481085,-0.130321328,125.3120271,96.74196679
37101041109,37,101,41109,1.348685579,-0.279968579,133.7171395,93.00078551
37101041110,37,101,41110,1.026516146,0.605915132,125.6629036,115.1478783
37101041112,37,101,41112,0.953311268,0.230643556,123.8327817,105.7660889
37101041113,37,101,41113,1.930402361,-0.394286446,148.260059,90.14283886
37101041402,37,101,41402,0.627918738,-0.014726892,115.6979684,99.63182771
37101041507,37,101,41507,1.880653302,-0.570502086,147.0163326,85.73744785
37105030101,37,105,30101,-0.120310123,0.851490127,96.99224693,121.2872532
37105030102,37,105,30102,1.337690195,0.08515603,133.4422549,102.1289007
37105030200,37,105,30200,-0.615161636,-0.77297404,84.62095909,80.67564899
37105030300,37,105,30300,-0.974225459,-0.546764264,75.64436353,86.33089339
37105030402,37,105,30402,0.194744506,-0.833716457,104.8686127,79.15708858
37107010300,37,107,10300,-0.893176303,-0.148693529,77.67059242,96.28266177
37107010400,37,107,10400,-1.819095982,-1.716688002,54.52260045,57.08279996
37107010500,37,107,10500,-0.548957936,-1.347793875,86.2760516,66.30515313
37107010600,37,107,10600,-0.249725219,-1.465707067,93.75686953,63.35732333
37107010700,37,107,10700,-1.426383305,0.139102035,64.34041738,103.4775509
37107010800,37,107,10800,-0.031076171,0.511971072,99.22309573,112.7992768
37107011002,37,107,11002,0.998385816,0.776430974,124.9596454,119.4107743
37107011100,37,107,11100,0.245398282,0.471905838,106.1349571,111.797646
37109070100,37,109,70100,-0.481538508,-0.302349494,87.9615373,92.44126266
37109070201,37,109,70201,-0.296638999,1.054576949,92.58402503,126.3644237
37109070202,37,109,70202,1.286795476,-0.362723704,132.1698869,90.93190739
37109071102,37,109,71102,1.786061932,-0.08762707,144.6515483,97.80932326
37109071201,37,109,71201,1.761999789,0.782165303,144.0499947,119.5541326
37109071202,37,109,71202,1.852545651,0.219819218,146.3136413,105.4954804
37109071203,37,109,71203,2.156875977,-0.311188725,153.9218994,92.22028187
37111970300,37,111,970300,1.471808898,0.536931893,136.7952224,113.4232973
37111970400,37,111,970400,0.347348174,0.65910707,108.6837043,116.4776767
37113970303,37,113,970303,0.969234627,1.154252771,124.2308657,128.8563193
37113970304,37,113,970304,0.136705558,1.573135115,103.4176389,139.3283779
37119000101,37,119,101,-0.301373595,-0.608588214,92.46566013,84.78529464
37119000102,37,119,102,0.180996872,-1.886214496,104.5249218,52.8446376
37119000103,37,119,103,-0.391023838,-1.998636134,90.22440406,50.03409664
37119000104,37,119,104,-0.245310206,-1.421111236,93.86724485,64.47221911
37119000301,37,119,301,-0.065589425,-1.211734541,98.36026437,69.70663647
37119000302,37,119,302,-0.732087392,-0.480240599,81.6978152,87.99398503
37119000401,37,119,401,-0.553073903,-1.477849382,86.17315241,63.05376544
37119000402,37,119,402,-0.097567237,-0.415609516,97.56081908,89.60976211
37119000501,37,119,501,-1.410479157,0.232237495,64.73802108,105.8059374
37119000502,37,119,502,-0.277174383,-1.376493939,93.07064042,65.58765153
37119000503,37,119,503,-1.721652751,0.246973512,56.95868123,106.1743378
37119000600,37,119,600,-1.746349543,-0.493047098,56.34126142,87.67382256
37119000700,37,119,700,-1.21459979,0.165314936,69.63500524,104.1328734
37119000900,37,119,900,-0.307029843,-0.689875413,92.32425394,82.75311468
37119001000,37,119,1000,-0.013519969,1.439988445,99.66200078,135.9997111
37119001100,37,119,1100,0.099401661,0.585220593,102.4850415,114.6305148
37119001200,37,119,1200,-0.207422739,-0.273187523,94.81443153,93.17031194
37119001300,37,119,1300,-0.946233402,-0.01863042,76.34416496,99.53423951
37119001400,37,119,1400,-1.226289201,0.567679414,69.34276997,114.1919854
37119001504,37,119,1504,-1.168231313,-0.322034158,70.79421718,91.94914605
37119001505,37,119,1505,-0.353553945,-0.482992498,91.16115138,87.92518755
37119001507,37,119,1507,-1.307278515,-0.4776956,67.31803713,88.05760999
37119001508,37,119,1508,-0.199739149,-0.900908551,95.00652128,77.47728622
37119001509,37,119,1509,-1.281582334,-0.867562531,67.96044165,78.31093674
37119001510,37,119,1510,-0.988608141,-1.206414674,75.28479647,69.83963315
37119001603,37,119,1603,-0.717556631,-0.189361542,82.06108423,95.26596146
37119001605,37,119,1605,-0.588000995,-0.229423289,85.29997512,94.26441778
37119001606,37,119,1606,-1.051347707,-0.07661279,73.71630733,98.08468024
37119001607,37,119,1607,-1.22944841,-0.346478934,69.26378974,91.33802666
37119001608,37,119,1608,-0.908427709,-0.78497339,77.28930728,80.37566524
37119001609,37,119,1609,-1.11710818,0.135644188,72.07229549,103.3911047
37119001701,37,119,1701,-0.971012679,0.572422101,75.72468302,114.3105525
37119001702,37,119,1702,-1.308229791,0.113846681,67.29425522,102.846167
37119001801,37,119,1801,-1.397272102,0.689065994,65.06819744,117.2266499
37119001802,37,119,1802,-0.815690359,0.669388055,79.60774103,116.7347014
37119001910,37,119,1910,-1.266691576,-0.439109428,68.33271059,89.0222643
37119001911,37,119,1911,0.035318845,-1.99675978,100.8829711,50.08100549
37119001914,37,119,1914,-0.763072385,-0.056129235,80.92319036,98.59676913
37119001916,37,119,1916,-0.516160267,-0.375160019,87.09599333,90.62099951
37119001917,37,119,1917,0.041298103,-0.878207388,101.0324526,78.04481531
37119001918,37,119,1918,-1.502870137,0.107615948,62.42824658,102.6903987
37119001919,37,119,1919,-0.973689559,-0.574964745,75.65776102,85.62588137
37119001920,37,119,1920,-0.799911091,-0.910417867,80.00222273,77.23955333
37119001921,37,119,1921,0.400532372,-2.309380824,110.0133093,42.26547941
37119001922,37,119,1922,-0.226423422,-1.956024465,94.33941444,51.09938838
37119001923,37,119,1923,-1.207572483,-0.208811507,69.81068793,94.77971233
37119001924,37,119,1924,-1.151285838,0.133223417,71.21785405,103.3305854
37119001925,37,119,1925,-1.34843779,-0.073152706,66.28905525,98.17118236
37119001926,37,119,1926,-1.345523144,0.46483012,66.36192139,111.620753
37119001927,37,119,1927,-1.279996073,-0.803839233,68.00009818,79.90401919
37119002004,37,119,2004,-0.383220777,0.123437429,90.41948057,103.0859357
37119002005,37,119,2005,-0.493387742,1.919112571,87.66530646,147.9778143
37119002006,37,119,2006,1.420091031,-0.362264124,135.5022758,90.9433969
37119002007,37,119,2007,-0.351494243,0.33201911,91.21264393,108.3004778
37119002008,37,119,2008,1.813923786,-0.889487634,145.3480947,77.76280915
37119002100,37,119,2100,-0.467915744,1.246172359,88.3021064,131.154309
37119002201,37,119,2201,0.039346981,1.416178312,100.9836745,135.4044578
37119002202,37,119,2202,-0.017691918,1.962676786,99.55770204,149.0669196
37119002300,37,119,2300,-1.678194129,-0.416099505,58.04514679,89.59751237
37119002400,37,119,2400,-0.867898901,1.541351955,78.30252747,138.5337989
37119002500,37,119,2500,-1.227833342,1.10220065,69.30416646,127.5550163
37119002600,37,119,2600,-1.509997025,0.735973302,62.25007438,118.3993326
37119002701,37,119,2701,0.135877504,1.450694323,103.3969376,136.2673581
37119002702,37,119,2702,0.392872495,1.086922305,109.8218124,127.1730576
37119002800,37,119,2800,1.258880739,0.731433422,131.4720185,118.2858355
37119002903,37,119,2903,-0.209139709,2.04291688,94.77150728,151.072922
37119002905,37,119,2905,0.845723941,1.236590755,121.1430985,130.9147689
37119002907,37,119,2907,-0.116100784,1.506750217,97.09748041,137.6687554
37119002908,37,119,2908,0.736203476,0.391616336,118.4050869,109.7904084
37119002909,37,119,2909,-0.410470917,2.170614057,89.73822708,154.2653514
37119002910,37,119,2910,0.35429536,1.381437312,108.857384,134.5359328
37119003006,37,119,3006,0.084650239,1.639053821,102.116256,140.9763455
37119003008,37,119,3008,-0.355356772,0.575785366,91.1160807,114.3946342
37119003012,37,119,3012,-0.397779744,0.57644029,90.05550641,114.4110073
37119003013,37,119,3013,0.831763635,-0.24703217,120.7940909,93.82419574
37119003015,37,119,3015,1.519096756,-0.512244649,137.9774189,87.19388377
37119003016,37,119,3016,-0.569464876,1.491733118,85.76337809,137.2933279
37119003017,37,119,3017,0.342187858,-0.111907807,108.5546964,97.20230482
37119003018,37,119,3018,-0.441593056,1.378532324,88.96017359,134.4633081
37119003019,37,119,3019,0.808223113,0.574750609,120.2055778,114.3687652
37119003020,37,119,3020,1.51503684,-0.144017535,137.875921,96.39956162
37119003021,37,119,3021,-0.14766447,1.762906022,96.30838824,144.0726506
37119003022,37,119,3022,0.697977302,0.814763549,117.4494325,120.3690887
37119003102,37,119,3102,-0.86244847,0.519225789,78.43878825,112.9806447
37119003105,37,119,3105,0.558681871,1.122443769,113.9670468,128.0610942
37119003106,37,119,3106,-0.593526545,0.812622851,85.16183637,120.3155713
37119003108,37,119,3108,-1.49026309,0.192796831,62.74342276,104.8199208
37119003109,37,119,3109,-2.034903888,-0.508759902,49.12740279,87.28100245
37119003110,37,119,3110,0.412323846,-0.21833315,110.3080961,94.54167126
37119003111,37,119,3111,-0.393002699,1.597297282,90.17493252,139.9324321
37119003201,37,119,3201,-0.868926195,-1.106315358,78.27684511,72.34211606
37119003203,37,119,3203,-0.527880878,0.852860816,86.80297805,121.3215204
37119003204,37,119,3204,-0.449797816,1.692499224,88.7550546,142.3124806
37119003301,37,119,3301,-0.295923285,1.7082156,92.60191788,142.70539
37119003302,37,119,3302,-0.459867948,1.112436863,88.50330129,127.8109216
37119003401,37,119,3401,-0.564850598,1.38053684,85.87873505,134.513421
37119003402,37,119,3402,0.136937781,1.469086079,103.4234445,136.727152
37119003500,37,119,3500,-0.43836207,1.860049986,89.04094826,146.5012497
37119003600,37,119,3600,-1.420318253,-0.046330606,64.49204368,98.84173486
37119003701,37,119,3701,-2.083976299,-0.653953482,47.90059253,83.65116295
37119003702,37,119,3702,-1.659002469,-0.730789939,58.52493827,81.73025153
37119003802,37,119,3802,-1.604455783,-1.197375124,59.88860541,70.06562189
37119003805,37,119,3805,-0.715831869,0.667845194,82.10420328,116.6961299
37119003807,37,119,3807,-1.729269036,-0.791012645,56.76827411,80.22468388
37119003808,37,119,3808,-1.355331363,-0.501919186,66.11671594,87.45202034
37119003809,37,119,3809,-1.416278653,-0.448058777,64.59303367,88.79853057
37119003810,37,119,3810,-0.991573391,-0.019563506,75.21066524,99.51091236
37119003811,37,119,3811,-0.893618184,-0.338103551,77.6595454,91.54741122
37119003902,37,119,3902,-1.200364636,-0.273565377,69.99088409,93.16086558
37119003903,37,119,3903,-1.681455886,-0.026588963,57.96360284,99.33527594
37119004000,37,119,4000,-1.462225765,-1.049106431,63.44435587,73.77233923
37119004101,37,119,4101,-1.662813433,0.122607426,58.42966419,103.0651857
37119004102,37,119,4102,-1.666306504,0.561435069,58.34233741,114.0358767
37119004200,37,119,4200,-1.281889713,-1.438650663,67.95275718,64.03373342
37119004302,37,119,4302,-1.428385272,-1.373048802,64.29036819,65.67377994
37119004303,37,119,4303,0.080171342,-1.874547869,102.0042836,53.13630329
37119004304,37,119,4304,-1.010526181,-1.634380582,74.73684548,59.14048545
37119004306,37,119,4306,-2.114259121,-0.467666665,47.14352197,88.30833338
37119004307,37,119,4307,0.396953011,-2.902082534,109.9238253,27.44793666
37119004400,37,119,4400,-0.945794857,-2.127612187,76.35512858,46.80969532
37119004500,37,119,4500,-1.175703602,-1.439768329,70.60740994,64.00579177
37119004700,37,119,4700,-1.449765872,-1.183597783,63.75585321,70.41005544
37119004800,37,119,4800,-1.307566964,-1.709790747,67.31082591,57.25523132
37119004900,37,119,4900,-1.315682081,-2.465164334,67.10794798,38.37089165
37119005000,37,119,5000,-2.251314348,-0.139338538,43.7171413,96.51653655
37119005100,37,119,5100,-1.866268843,-0.760163794,53.34327893,80.99590514
37119005200,37,119,5200,-1.845167721,-1.139549566,53.87080697,71.51126084
37119005301,37,119,5301,-1.744432823,-0.528599849,56.38917941,86.78500378
37119005306,37,119,5306,-1.573933945,-0.678040322,60.65165137,83.04899195
37119005307,37,119,5307,-1.640884823,-0.844583236,58.97787942,78.88541909
37119005308,37,119,5308,-1.418413351,-2.253572797,64.53966622,43.66068007
37119005403,37,119,5403,0.071845955,-1.964244524,101.7961489,50.89388691
37119005404,37,119,5404,-0.661116175,-2.171167731,83.47209564,45.72080672
37119005405,37,119,5405,-0.864330325,-1.519546896,78.39174187,62.0113276
37119005406,37,119,5406,-0.597592198,-1.487952452,85.06019504,62.8011887
37119005508,37,119,5508,0.30760027,-2.072870704,107.6900067,48.17823239
37119005510,37,119,5510,-0.894810432,-1.082988092,77.62973919,72.9252977
37119005511,37,119,5511,-1.600244772,-0.099742871,59.9938807,97.50642823
37119005512,37,119,5512,-0.129372962,-1.638080448,96.76567596,59.04798879
37119005513,37,119,5513,0.436692672,-2.248735175,110.9173168,43.78162062
37119005515,37,119,5515,-0.311921812,-0.120134066,92.2019547,96.99664836
37119005516,37,119,5516,0.871644492,-1.88814753,121.7911123,52.79631174
37119005517,37,119,5517,-0.266758876,-1.00151993,93.33102811,74.96200175
37119005519,37,119,5519,-0.460825691,0.038060347,88.47935773,100.9515087
37119005520,37,119,5520,0.298460143,-2.70878183,107.4615036,32.28045424
37119005522,37,119,5522,-1.406844954,-0.440019504,64.82887615,88.99951241
37119005525,37,119,5525,-0.481771966,-1.066924603,87.95570084,73.32688493
37119005526,37,119,5526,0.298361619,-1.253734465,107.4590405,68.65663839
37119005527,37,119,5527,-0.548250787,0.598859763,86.29373031,114.9714941
37119005528,37,119,5528,-1.086315334,0.320344344,72.84211666,108.0086086
37119005529,37,119,5529,-1.001611983,0.407718033,74.95970042,110.1929508
37119005530,37,119,5530,-0.063737821,-0.544805524,98.40655447,86.37986191
37119005531,37,119,5531,-0.654537691,-0.66743477,83.63655774,83.31413074
37119005532,37,119,5532,-0.430691945,-0.84239702,89.23270139,78.9400745
37119005533,37,119,5533,-0.498543432,-0.029730584,87.5364142,99.25673541
37119005534,37,119,5534,-0.786086267,-1.33436021,80.34784333,66.64099475
37119005535,37,119,5535,-1.193198358,-0.242833933,70.17004105,93.92915167
37119005536,37,119,5536,-1.05532087,-0.250038827,73.61697826,93.74902932
37119005604,37,119,5604,-0.800997264,0.908770497,79.97506839,122.7192624
37119005609,37,119,5609,-0.60649801,0.005407176,84.83754974,100.1351794
37119005610,37,119,5610,-1.390667376,-0.111273832,65.2333156,97.2181542
37119005611,37,119,5611,-0.149627563,-0.7901497,96.25931092,80.24625749
37119005612,37,119,5612,-0.625228031,-0.878751177,84.36929922,78.03122057
37119005613,37,119,5613,-0.36485936,-1.387131481,90.87851599,65.32171298
37119005615,37,119,5615,0.409590584,-2.632227014,110.2397646,34.19432465
37119005616,37,119,5616,0.322520249,-0.829070448,108.0630062,79.27323881
37119005617,37,119,5617,0.951985441,-2.599315869,123.799636,35.01710328
37119005618,37,119,5618,1.012698093,-2.283097389,125.3174523,42.92256528
37119005619,37,119,5619,0.661461539,-2.292392016,116.5365385,42.69019961
37119005621,37,119,5621,0.98269824,-1.096084332,124.567456,72.5978917
37119005622,37,119,5622,-0.989490524,-0.075910522,75.26273691,98.10223694
37119005623,37,119,5623,-1.183082039,0.145822625,70.42294903,103.6455656
37119005624,37,119,5624,0.007312762,-2.371581761,100.1828191,40.71045598
37119005625,37,119,5625,-0.31710725,-1.587523835,92.07231875,60.31190413
37119005626,37,119,5626,0.753591361,-2.312372949,118.839784,42.19067626
37119005627,37,119,5627,0.307178193,-1.698748874,107.6794548,57.53127815
37119005709,37,119,5709,-0.279915251,1.398103013,93.00211873,134.9525753
37119005710,37,119,5710,-0.829205094,0.227551306,79.26987265,105.6887826
37119005712,37,119,5712,1.589779901,-0.75317781,139.7444975,81.17055476
37119005713,37,119,5713,1.824018988,-0.605142574,145.6004747,84.87143564
37119005714,37,119,5714,1.888355775,-1.066067393,147.2088944,73.34831518
37119005716,37,119,5716,-0.337953161,-1.142989116,91.55117098,71.4252721
37119005718,37,119,5718,1.025025648,-0.99701987,125.6256412,75.07450325
37119005719,37,119,5719,1.608305699,-0.830582956,140.2076425,79.2354261
37119005720,37,119,5720,1.373595028,-0.098198682,134.3398757,97.54503295
37119005721,37,119,5721,1.099651156,0.646094977,127.4912789,116.1523744
37119005722,37,119,5722,1.367411797,-1.734006989,134.1852949,56.64982527
37119005723,37,119,5723,-0.795191872,0.793494196,80.1202032,119.8373549
37119005811,37,119,5811,0.634584261,0.156828756,115.8646065,103.9207189
37119005815,37,119,5815,0.188963301,1.573626377,104.7240825,139.3406594
37119005816,37,119,5816,0.312648803,0.492307706,107.8162201,112.3076926
37119005817,37,119,5817,0.781875099,0.690010184,119.5468775,117.2502546
37119005824,37,119,5824,-1.06696622,-0.21661459,73.32584449,94.58463526
37119005826,37,119,5826,-0.286903271,-0.735334138,92.82741823,81.61664656
37119005827,37,119,5827,-1.734212405,0.262753974,56.64468988,106.5688494
37119005828,37,119,5828,0.128232183,1.332136839,103.2058046,133.303421
37119005829,37,119,5829,-1.478157993,-0.161701951,63.04605017,95.95745122
37119005830,37,119,5830,0.670782557,-0.358105402,116.7695639,91.04736495
37119005832,37,119,5832,0.170470149,0.884951742,104.2617537,122.1237936
37119005833,37,119,5833,0.839129567,1.077171906,120.9782392,126.9292976
37119005834,37,119,5834,0.336081341,-0.833918199,108.4020335,79.15204503
37119005835,37,119,5835,1.532253998,-0.216098881,138.30635,94.59752797
37119005836,37,119,5836,0.325940502,-0.793284322,108.1485126,80.16789195
37119005839,37,119,5839,-0.603953862,0.705717239,84.90115345,117.642931
37119005840,37,119,5840,0.024069281,1.013995108,100.601732,125.3498777
37119005843,37,119,5843,-0.180677326,0.562454056,95.48306684,114.0613514
37119005845,37,119,5845,-0.631923629,0.382753792,84.20190928,109.5688448
37119005846,37,119,5846,0.996457808,-1.104969925,124.9114452,72.37575188
37119005847,37,119,5847,0.713933234,0.853761321,117.8483309,121.344033
37119005848,37,119,5848,1.601957125,-0.848675758,140.0489281,78.78310604
37119005849,37,119,5849,0.647656842,-0.79041722,116.1914211,80.23956951
37119005851,37,119,5851,1.06986981,-0.987701431,126.7467452,75.30746423
37119005852,37,119,5852,-0.390737552,0.853171723,90.23156121,121.3292931
37119005853,37,119,5853,-0.976982737,1.15403155,75.57543156,128.8507888
37119005854,37,119,5854,-0.894355148,0.447700355,77.64112131,111.1925089
37119005855,37,119,5855,-0.576455702,0.941953825,85.58860745,123.5488456
37119005856,37,119,5856,-1.183748985,0.673331041,70.40627537,116.833276
37119005857,37,119,5857,-1.109228416,1.037874228,72.2692896,125.9468557
37119005858,37,119,5858,-0.389025102,0.644922926,90.27437244,116.1230732
37119005859,37,119,5859,-0.436541002,1.528590056,89.08647494,138.2147514
37119005860,37,119,5860,-0.806478879,0.627863505,79.83802803,115.6965876
37119005861,37,119,5861,-0.589551529,0.8213374,85.26121178,120.533435
37119005862,37,119,5862,0.099187617,-0.908693969,102.4796904,77.28265078
37119005863,37,119,5863,-0.127434647,-0.274040231,96.81413384,93.14899422
37119005864,37,119,5864,-0.184757478,-0.342837672,95.38106306,91.4290582
37119005865,37,119,5865,0.600645076,0.925351552,115.0161269,123.1337888
37119005866,37,119,5866,-0.885833937,-0.179782525,77.85415156,95.50543689
37119005867,37,119,5867,-0.837925469,0.703025074,79.05186326,117.5756269
37119005868,37,119,5868,-0.189346107,1.093063577,95.26634734,127.3265894
37119005910,37,119,5910,-0.665290202,0.210157958,83.36774494,105.253949
37119005913,37,119,5913,-0.997819489,-1.035567648,75.05451278,74.1108088
37119005915,37,119,5915,-1.478747525,-0.137068877,63.03131187,96.57327807
37119005916,37,119,5916,-1.497458007,-0.626311883,62.56354984,84.34220292
37119005918,37,119,5918,0.767354428,-2.402317281,119.1838607,39.94206798
37119005919,37,119,5919,-0.101424455,0.367286846,97.46438863,109.1821712
37119005921,37,119,5921,-0.848548982,-0.023352853,78.78627545,99.41617866
37119005922,37,119,5922,0.393538461,-1.573278127,109.8384615,60.66804683
37119005923,37,119,5923,-1.402237518,-0.28400828,64.94406205,92.899793
37119005924,37,119,5924,0.490617701,-1.60834405,112.2654425,59.79139875
37119005925,37,119,5925,1.267929919,-2.167214142,131.698248,45.81964645
37119005926,37,119,5926,1.655721212,-1.769919586,141.3930303,55.75201035
37119005927,37,119,5927,-1.364799414,0.024765766,65.88001466,100.6191442
37119005928,37,119,5928,0.718641548,-1.975156691,117.9660387,50.62108274
37119005929,37,119,5929,-1.182467962,0.246272699,70.43830095,106.1568175
37119005930,37,119,5930,-1.45820373,0.648686511,63.54490675,116.2171628
37119005931,37,119,5931,-0.938610271,0.203523315,76.53474323,105.0880829
37119005932,37,119,5932,-1.423230771,0.211131847,64.41923072,105.2782962
37119006008,37,119,6008,0.468175919,-1.591995412,111.704398,60.20011469
37119006009,37,119,6009,0.263218359,-2.121926101,106.580459,46.95184747
37119006011,37,119,6011,0.41937701,-2.459303266,110.4844253,38.51741836
37119006012,37,119,6012,0.375950562,-2.450414969,109.3987641,38.73962577
37119006013,37,119,6013,0.596229177,-3.001923267,114.9057294,24.95191832
37119006014,37,119,6014,0.62140064,-0.721368703,115.535016,81.96578242
37119006016,37,119,6016,-0.612136081,-2.436394796,84.69659796,39.09013011
37119006103,37,119,6103,-0.077124281,-0.139678412,98.07189297,96.50803971
37119006105,37,119,6105,1.044284321,-2.109847845,126.107108,47.25380388
37119006108,37,119,6108,0.154283346,-1.912895115,103.8570837,52.17762211
37119006109,37,119,6109,-0.923150707,-1.736750001,76.92123232,56.58124997
37119006110,37,119,6110,0.267844397,-2.404514366,106.6961099,39.88714085
37119006111,37,119,6111,0.680277925,-1.899870808,117.0069481,52.5032298
37119006112,37,119,6112,-1.503768023,0.255361285,62.40579943,106.3840321
37119006113,37,119,6113,-0.973386947,0.429956322,75.66532633,110.7489081
37119006114,37,119,6114,-0.680237719,-0.648456319,82.99405702,83.78859202
37119006115,37,119,6115,-1.495592486,-0.483023525,62.61018785,87.92441188
37119006208,37,119,6208,-0.500502365,1.597577834,87.48744087,139.9394459
37119006209,37,119,6209,-0.332362758,1.569516389,91.69093106,139.2379097
37119006210,37,119,6210,1.195024301,-0.000429069,129.8756075,99.98927328
37119006211,37,119,6211,0.754105274,-0.526620788,118.8526319,86.83448031
37119006212,37,119,6212,-0.193913157,1.255624156,95.15217108,131.3906039
37119006214,37,119,6214,1.870793686,-1.048407914,146.7698422,73.78980216
37119006216,37,119,6216,0.805733465,2.026917341,120.1433366,150.6729335
37119006217,37,119,6217,1.368154008,1.289405541,134.2038502,132.2351385
37119006218,37,119,6218,1.921804671,0.027227511,148.0451168,100.6806878
37119006219,37,119,6219,1.848733017,0.000931364,146.2183254,100.0232841
37119006220,37,119,6220,0.859340638,2.732408872,121.4835159,168.3102218
37119006221,37,119,6221,1.441911501,-0.876544711,136.0477875,78.08638221
37119006306,37,119,6306,1.29274788,-1.441706986,132.318697,63.95732535
37119006308,37,119,6308,0.618214864,0.331373167,115.4553716,108.2843292
37119006309,37,119,6309,-0.399682039,0.712146698,90.00794902,117.8036675
37119006403,37,119,6403,0.497640358,0.570171727,112.441009,114.2542932
37119006407,37,119,6407,0.279989844,-0.825302225,106.9997461,79.36744439
37119006408,37,119,6408,-0.012335731,1.728323032,99.69160673,143.2080758
37119006410,37,119,6410,0.485521816,0.30374459,112.1380454,107.5936148
37119006411,37,119,6411,-0.285855566,0.240537064,92.85361085,106.0134266
37125950303,37,125,950303,2.050511618,-0.947236877,151.2627905,76.31907808
37125950506,37,125,950506,1.942486853,-0.902077726,148.5621713,77.44805684
37125950601,37,125,950601,1.673580463,-0.927720093,141.8395116,76.80699767
37125950702,37,125,950702,1.036628241,0.362430063,125.915706,109.0607516
37125950703,37,125,950703,0.27696438,-0.192139674,106.9241095,95.19650814
37125950704,37,125,950704,1.393631784,0.420461771,134.8407946,110.5115443
37125950801,37,125,950801,-0.76226326,0.058885873,80.94341849,101.4721468
37125950802,37,125,950802,0.622871403,2.098142772,115.5717851,152.4535693
37125950900,37,125,950900,-0.182466487,1.462309009,95.43833782,136.5577252
37125951102,37,125,951102,0.351275981,0.587169603,108.7818995,114.6792401
37127010301,37,127,10301,-0.871934305,-0.132853146,78.20164237,96.67867135
37127010400,37,127,10400,-1.345995232,-0.616620691,66.3501192,84.58448272
37127010505,37,127,10505,-0.719640503,0.486445474,82.00898744,112.1611368
37127010506,37,127,10506,-0.626921289,0.377685873,84.32696779,109.4421468
37127010601,37,127,10601,-0.011121641,-0.458199895,99.72195898,88.54500262
37127010604,37,127,10604,-0.718588061,0.209061293,82.03529847,105.2265323
37127011103,37,127,11103,0.399007787,-0.251139012,109.9751947,93.72152471
37129010100,37,129,10100,-0.800667149,-0.800961924,79.98332127,79.97595191
37129010200,37,129,10200,-0.820216966,-1.462076058,79.49457585,63.44809854
37129010300,37,129,10300,-0.692417562,-0.474224382,82.68956094,88.14439046
37129010400,37,129,10400,0.698049237,0.433823665,117.4512309,110.8455916
37129010501,37,129,10501,-1.188524938,0.973626224,70.28687656,124.3406556
37129010503,37,129,10503,-0.652460437,1.720052097,83.68848908,143.0013024
37129010504,37,129,10504,-0.837334207,1.203898475,79.06664483,130.0974619
37129010600,37,129,10600,0.024810369,1.724169497,100.6202592,143.1042374
37129010700,37,129,10700,-1.212909539,0.756677073,69.67726152,118.9169268
37129010800,37,129,10800,-0.924078994,0.31535745,76.89802516,107.8839363
37129010900,37,129,10900,0.289237532,-0.300093807,107.2309383,92.49765483
37129011000,37,129,11000,-1.527511531,-0.179562499,61.81221172,95.51093754
37129011100,37,129,11100,-1.859534381,-1.085808813,53.51164047,72.85477968
37129011200,37,129,11200,-0.919055724,-1.574811267,77.0236069,60.62971832
37129011300,37,129,11300,-0.794477926,1.068025752,80.13805185,126.7006438
37129011400,37,129,11400,-0.825008123,-0.306376049,79.37479692,92.34059878
37129011501,37,129,11501,-1.039222186,1.457010239,74.01944534,136.425256
37129011502,37,129,11502,0.099235433,0.627519754,102.4808858,115.6879939
37129011605,37,129,11605,-0.654139321,1.096384068,83.64651698,127.4096017
37129011606,37,129,11606,0.566325771,-0.636423775,114.1581443,84.08940564
37129011611,37,129,11611,0.110846165,0.424354038,102.7711541,110.608851
37129011701,37,129,11701,-0.459323509,1.292492417,88.51691229,132.3123104
37129011703,37,129,11703,0.985167607,0.848287842,124.6291902,121.2071961
37129011705,37,129,11705,1.434493802,0.119900658,135.862345,102.9975164
37129011904,37,129,11904,0.233551138,2.295986589,105.8387785,157.3996647
37129011905,37,129,11905,0.199358167,1.219056666,104.9839542,130.4764166
37129011906,37,129,11906,-0.423139754,1.56911726,89.42150614,139.2279315
37129012004,37,129,12004,1.849626561,-0.727303627,146.240664,81.81740932
37129012006,37,129,12006,0.224833488,1.242300081,105.6208372,131.057502
37129012007,37,129,12007,-0.261031102,2.263432586,93.47422245,156.5858147
37129012008,37,129,12008,-0.73417179,1.562102373,81.64570526,139.0525593
37129012009,37,129,12009,0.608536177,-0.561702786,115.2134044,85.95743035
37129012010,37,129,12010,1.347861662,-1.258564138,133.6965416,68.53589655
37129012011,37,129,12011,0.689196109,-0.031653514,117.2299027,99.20866215
37129012012,37,129,12012,1.427736786,0.938293271,135.6934196,123.4573318
37129012103,37,129,12103,1.508316409,-0.625630091,137.7079102,84.35924772
37129012106,37,129,12106,0.962988477,0.707613694,124.0747119,117.6903423
37129012107,37,129,12107,1.455624465,-0.10650395,136.3906116,97.33740125
37129012108,37,129,12108,1.527190531,0.023562679,138.1797633,100.589067
37129012109,37,129,12109,1.379328066,-0.143747473,134.4832016,96.40631319
37129012110,37,129,12110,0.356789705,0.28931179,108.9197426,107.2327948
37129012201,37,129,12201,-0.100200111,2.055242689,97.49499723,151.3810672
37129012202,37,129,12202,0.655690822,2.045088396,116.3922705,151.1272099
37129012300,37,129,12300,1.500947315,0.263633921,137.5236829,106.590848
37133000105,37,133,105,1.228006036,1.326722792,130.7001509,133.1680698
37133000204,37,133,204,1.689158112,0.152895902,142.2289528,103.8223975
37133000404,37,133,404,1.602022074,-0.060753725,140.0505519,98.48115688
37133000600,37,133,600,1.381832936,-1.699281175,134.5458234,57.51797062
37133000700,37,133,700,0.808310102,0.708480238,120.2077526,117.712006
37133000800,37,133,800,0.601925892,-1.406353286,115.0481473,64.84116785
37133000901,37,133,901,0.814242406,-0.344275215,120.3560602,91.39311963
37133000902,37,133,902,1.179918731,-0.748989763,129.4979683,81.27525593
37133001000,37,133,1000,0.256287082,0.562895958,106.4071771,114.072399
37133001102,37,133,1102,-0.006489001,1.376763448,99.83777497,134.4190862
37133001201,37,133,1201,1.393507722,-0.034217348,134.8376931,99.14456631
37133001301,37,133,1301,-1.295651405,1.069727212,67.60871488,126.7431803
37133001303,37,133,1303,0.062805101,-0.295310298,101.5701275,92.61724255
37133001400,37,133,1400,1.270558029,-1.062428744,131.7639507,73.43928141
37133001500,37,133,1500,-1.039516201,0.548484813,74.01209497,113.7121203
37133001700,37,133,1700,-0.203305987,-0.478949158,94.91735033,88.02627104
37133001800,37,133,1800,-0.172333109,0.356018981,95.69167228,108.9004745
37133002201,37,133,2201,-0.189380939,0.448030508,95.26547653,111.2007627
37133002202,37,133,2202,-1.128472032,0.679871511,71.7881992,116.9967878
37133002300,37,133,2300,0.916431268,-0.10276984,122.9107817,97.430754
37133002400,37,133,2400,0.250343047,0.857011082,106.2585762,121.4252771
37133002600,37,133,2600,-1.218752445,0.34817201,69.53118888,108.7043002
37133002801,37,133,2801,1.369465067,1.786126003,134.2366267,144.6531501
37133002803,37,133,2803,1.109067028,0.501358999,127.7266757,112.533975
37135010705,37,135,10705,-0.110210219,0.983289114,97.24474452,124.5822278
37135010706,37,135,10706,1.325119878,-0.685065497,133.127997,82.87336257
37135010707,37,135,10707,-0.835845703,1.004090417,79.10385741,125.1022604
37135010708,37,135,10708,-0.658144702,-0.193744633,83.54638244,95.15638417
37135011001,37,135,11001,1.149454063,-0.55020209,128.7363516,86.24494776
37135011002,37,135,11002,0.421086868,1.164998928,110.5271717,129.1249732
37135011105,37,135,11105,0.858666004,0.6700249,121.4666501,116.7506225
37135011206,37,135,11206,-0.518353723,0.470400158,87.04115692,111.760004
37135011207,37,135,11207,-0.562090799,1.10175176,85.94773003,127.543794
37135011300,37,135,11300,-0.827116651,1.263068139,79.32208373,131.5767035
37135011400,37,135,11400,0.394685804,1.932681162,109.8671451,148.3170291
37135011500,37,135,11500,1.384693677,0.628612454,134.6173419,115.7153113
37135011602,37,135,11602,-0.894505003,0.375758966,77.63737491,109.3939742
37135011700,37,135,11700,0.014373249,2.034642638,100.3593312,150.866066
37135011800,37,135,11800,0.327468813,1.081480018,108.1867203,127.0370004
37135011902,37,135,11902,0.519713934,1.447472623,112.9928484,136.1868156
37135011903,37,135,11903,-0.094294735,1.226641203,97.64263163,130.6660301
37135011904,37,135,11904,0.5861564,0.945551515,114.65391,123.6387879
37135012101,37,135,12101,-0.990768332,0.719751987,75.2307917,117.9937997
37135012102,37,135,12102,1.46349868,0.354230753,136.587467,108.8557688
37135012103,37,135,12103,-0.009726217,1.328912163,99.75684458,133.2228041
37135012201,37,135,12201,1.392159022,0.898916714,134.8039756,122.4729178
37135012202,37,135,12202,0.289170198,1.38831308,107.229255,134.707827
37139960100,37,139,960100,-1.24109166,-0.004290494,68.97270851,99.89273765
37139960200,37,139,960200,-0.070558468,-1.009106371,98.2360383,74.77234072
37139960300,37,139,960300,-1.439405601,0.065618529,64.01485999,101.6404632
37139960400,37,139,960400,-0.093861811,-0.482839162,97.65345474,87.92902096
37141920201,37,141,920201,1.126923785,1.263351539,128.1730946,131.5837885
37141920202,37,141,920202,2.045308199,-0.208416504,151.132705,94.78958741
37145920300,37,145,920300,0.585872167,-0.580571433,114.6468042,85.48571418
37147000101,37,147,101,-1.494970403,0.863084034,62.62573993,121.5771009
37147000102,37,147,102,-1.893029833,0.255562263,52.67425418,106.3890566
37147000201,37,147,201,-0.456462824,1.582161081,88.58842941,139.554027
37147000202,37,147,202,-0.594452959,0.673374854,85.13867602,116.8343714
37147000301,37,147,301,0.42950358,-0.841151513,110.7375895,78.97121219
37147000303,37,147,303,-0.608243877,0.478545986,84.79390308,111.9636497
37147000304,37,147,304,0.021823318,1.151770999,100.545583,128.794275
37147000400,37,147,400,-0.054235702,0.891711333,98.64410744,122.2927833
37147000501,37,147,501,-0.785686899,-0.700120088,80.35782752,82.4969978
37147000503,37,147,503,-0.67873616,0.783401483,83.03159599,119.5850371
37147000504,37,147,504,-1.277225424,1.156656225,68.0693644,128.9164056
37147000602,37,147,602,-0.489021291,-0.483084989,87.77446772,87.92287526
37147000604,37,147,604,-0.801004095,0.798622709,79.97489763,119.9655677
37147000605,37,147,605,-0.784230712,0.440459104,80.3942322,111.0114776
37147000606,37,147,606,-0.636176715,0.073913195,84.09558212,101.8478299
37147000607,37,147,607,-0.533499724,0.136231211,86.66250691,103.4057803
37147000701,37,147,701,-1.678725738,-0.284551984,58.03185655,92.88620039
37147000702,37,147,702,-1.940503631,-0.379829769,51.48740923,90.50425578
37147000800,37,147,800,-0.500278638,-0.518920127,87.49303406,87.02699682
37147001003,37,147,1003,1.270530949,0.297404176,131.7632737,107.4351044
37147001301,37,147,1301,0.084581859,0.405651205,102.1145465,110.1412801
37147001302,37,147,1302,0.455770578,-0.432492265,111.3942645,89.18769338
37147001305,37,147,1305,-0.190449891,1.051099191,95.23875272,126.2774798
37151030100,37,151,30100,-0.551150184,1.401211038,86.2212454,135.030276
37151030201,37,151,30201,-0.309686912,0.726615546,92.25782719,118.1653887
37151030202,37,151,30202,0.857143475,0.560761449,121.4285869,114.0190362
37151030301,37,151,30301,0.193126634,0.895556488,104.8281658,122.3889122
37151031303,37,151,31303,1.960996428,0.165342791,149.0249107,104.1335698
37151031401,37,151,31401,1.271850878,0.044228772,131.796272,101.1057193
37151031402,37,151,31402,0.809818408,0.250788458,120.2454602,106.2697115
37151031501,37,151,31501,1.481314757,1.283373601,137.0328689,132.08434
37151031503,37,151,31503,-0.294452482,1.333537514,92.63868795,133.3384378
37151031504,37,151,31504,1.008005222,-0.336217081,125.2001306,91.59457297
37151031602,37,151,31602,-0.084585051,0.318460204,97.88537374,107.9615051
37153970500,37,153,970500,-0.410154949,-0.783371857,89.74612628,80.41570358
37153970600,37,153,970600,-0.539654451,1.08835725,86.50863873,127.2089313
37153970700,37,153,970700,0.174205696,0.001990705,104.3551424,100.0497676
37153970900,37,153,970900,1.03262642,-0.460231203,125.8156605,88.49421991
37155960501,37,155,960501,-0.110545195,-0.575723802,97.23637012,85.60690495
37155960502,37,155,960502,-0.37029002,0.701276788,90.7427495,117.5319197
37155960702,37,155,960702,0.279901624,-0.181037786,106.9975406,95.47405534
37155960900,37,155,960900,0.013102478,-2.065618044,100.3275619,48.35954889
37155961000,37,155,961000,-0.992571227,-0.692793399,75.18571934,82.68016503
37155961200,37,155,961200,-0.763053217,-0.764460081,80.92366957,80.88849798
37157040300,37,157,40300,0.122610246,1.156869842,103.0652561,128.921746
37157040800,37,157,40800,0.151069835,0.396108957,103.7767459,109.9027239
37157041200,37,157,41200,0.274656344,-1.337123928,106.8664086,66.57190179
37157041400,37,157,41400,0.31959536,0.190319325,107.989884,104.7579831
37157041502,37,157,41502,-0.08754126,0.871413732,97.81146849,121.7853433
37159050202,37,159,50202,-0.556499076,-0.161044804,86.0875231,95.97387991
37159050300,37,159,50300,-1.121732061,-0.10249475,71.95669848,97.43763124
37159050400,37,159,50400,-1.435293634,-0.262438695,64.11765915,93.43903261
37159050500,37,159,50500,0.770408883,-1.25877846,119.2602221,68.5305385
37159051002,37,159,51002,1.266364466,0.541974695,131.6591116,113.5493674
37159051204,37,159,51204,0.14469874,0.908844443,103.6174685,122.7211111
37159051303,37,159,51303,-0.075063772,0.289910239,98.12340571,107.247756
37159051501,37,159,51501,0.148026092,-0.291254082,103.7006523,92.71864794
37159051502,37,159,51502,1.414950024,0.508403837,135.3737506,112.7100959
37159051600,37,159,51600,0.623815392,-0.417549471,115.5953848,89.56126324
37159051700,37,159,51700,1.066716763,0.332726736,126.6679191,108.3181684
37159052000,37,159,52000,-1.146839868,-0.402503991,71.32900329,89.93740023
37161960600,37,161,960600,0.624601143,-0.098921824,115.6150286,97.52695439
37161960800,37,161,960800,0.082662678,0.169226615,102.066567,104.2306654
37163970701,37,163,970701,0.673895784,-0.476305093,116.8473946,88.09237269
37165010102,37,165,10102,-0.176160302,0.602555743,95.59599244,115.0638936
37165010200,37,165,10200,-0.075719977,-1.183357308,98.10700058,70.4160673
37167930300,37,167,930300,1.705385692,-0.681235369,142.6346423,82.96911578
37167931203,37,167,931203,-0.901934044,-0.848935879,77.4516489,78.77660302
37167931204,37,167,931204,-0.077221897,0.39607531,98.06945259,109.9018828
37169070506,37,169,70506,0.872054765,1.867644213,121.8013691,146.6911053
37171930302,37,171,930302,-0.097043845,0.897669374,97.57390387,122.4417343
37171930400,37,171,930400,-0.435320186,0.842503146,89.11699534,121.0625786
37171930501,37,171,930501,1.499524216,0.414075507,137.4881054,110.3518877
37171930502,37,171,930502,0.387220558,0.393426023,109.6805139,109.8356506
37171930901,37,171,930901,0.564647112,0.606426428,114.1161778,115.1606607
37179020307,37,179,20307,1.437493031,-1.581257541,135.9373258,60.46856147
37179020309,37,179,20309,2.230918371,-0.777408957,155.7729593,80.56477607
37179020310,37,179,20310,1.359288189,-1.532322957,133.9822047,61.69192608
37179020312,37,179,20312,0.543156208,-0.751356879,113.5789052,81.21607803
37179020313,37,179,20313,0.655953055,0.442301378,116.3988264,111.0575344
37179020314,37,179,20314,0.329899944,0.020232208,108.2474986,100.5058052
37179020315,37,179,20315,1.99130727,-0.981031947,149.7826817,75.47420133
37179020316,37,179,20316,1.571727834,-0.372888286,139.2931959,90.67779284
37179020317,37,179,20317,1.177008126,-1.234077447,129.4252032,69.14806383
37179020318,37,179,20318,0.799781593,0.160482804,119.9945398,104.0120701
37179020319,37,179,20319,1.549957993,-1.26995738,138.7489498,68.25106551
37179020320,37,179,20320,0.904596244,-1.44468283,122.6149061,63.88292926
37179020321,37,179,20321,0.196621407,0.614765698,104.9155352,115.3691424
37179020401,37,179,20401,1.131085421,-0.358359049,128.2771355,91.04102378
37179020403,37,179,20403,1.578269987,-0.75124812,139.4567497,81.21879701
37179020405,37,179,20405,-0.373016379,1.075925358,90.67459053,126.898134
37179020406,37,179,20406,-1.470149163,-0.562875783,63.24627092,85.92810543
37179020501,37,179,20501,0.438921128,-1.255443323,110.9730282,68.61391692
37179021006,37,179,21006,1.713409893,-1.008758997,142.8352473,74.78102509
37179021007,37,179,21007,1.614570509,-1.474107771,140.3642627,63.14730574
37179021013,37,179,21013,1.338532037,-0.588845649,133.4633009,85.27885877
37179021016,37,179,21016,1.750997181,-1.537672859,143.7749295,61.55817852
37179021019,37,179,21019,2.234681087,-0.991535084,155.8670272,75.2116229
37179021020,37,179,21020,1.868020801,-1.265328123,146.70052,68.36679692
37179021021,37,179,21021,2.131355269,-1.114882636,153.2838817,72.1279341
37181960400,37,181,960400,0.372545816,0.205359974,109.3136454,105.1339993
37181960500,37,181,960500,-1.185707591,-0.359874475,70.35731023,91.00313813
37181960600,37,181,960600,0.065808955,-1.751705903,101.6452239,56.20735243
37181960700,37,181,960700,-1.081825256,-1.413724547,72.9543686,64.65688633
37181960800,37,181,960800,-0.447890446,-1.042858929,88.80273885,73.92852677
37183050100,37,183,50100,-1.029113051,-1.315557013,74.27217372,67.11107468
37183050300,37,183,50300,-1.398913849,0.458564199,65.02715378,111.464105
37183050400,37,183,50400,-1.328812886,0.797044333,66.77967785,119.9261083
37183050500,37,183,50500,-0.140232772,-1.12779759,96.4941807,71.80506025
37183050600,37,183,50600,-1.05266545,-0.558067246,73.68336376,86.04831885
37183050700,37,183,50700,-0.965982037,-0.809143612,75.85044906,79.77140971
37183050800,37,183,50800,-1.043303367,0.250291802,73.91741583,106.2572951
37183050900,37,183,50900,-1.855790688,0.024669396,53.60523281,100.6167349
37183051000,37,183,51000,-1.194991076,1.384285895,70.1252231,134.6071474
37183051102,37,183,51102,-1.045533553,0.635230505,73.86166117,115.8807626
37183051200,37,183,51200,-0.472688028,1.753532336,88.1827993,143.8383084
37183051400,37,183,51400,0.039326106,0.715842186,100.9831527,117.8960547
37183051501,37,183,51501,1.27044412,0.747346323,131.761103,118.6836581
37183051502,37,183,51502,0.694673144,1.930750854,117.3668286,148.2687714
37183051600,37,183,51600,0.918898316,1.488796113,122.9724579,137.2199028
37183051700,37,183,51700,1.482650397,0.613139063,137.0662599,115.3284766
37183051800,37,183,51800,-0.013219804,0.98162266,99.66950491,124.5405665
37183051900,37,183,51900,0.008025625,-0.54034097,100.2006406,86.49147574
37183052001,37,183,52001,-0.967958181,-0.592217861,75.80104547,85.19455347
37183052002,37,183,52002,0.007425578,-1.932670303,100.1856394,51.68324242
37183052101,37,183,52101,-0.623936307,-1.137873285,84.40159232,71.55316787
37183052102,37,183,52102,-1.161356135,-0.534499955,70.96609663,86.63750112
37183052303,37,183,52303,-1.091493117,1.406423068,72.71267206,135.1605767
37183052304,37,183,52304,-0.34535928,0.810733557,91.366018,120.2683389
37183052305,37,183,52305,-0.217650711,1.271437025,94.55873223,131.7859256
37183052401,37,183,52401,-0.381419911,1.306177777,90.46450223,132.6544444
37183052404,37,183,52404,0.373609356,0.87114505,109.3402339,121.7786263
37183052407,37,183,52407,-0.863200251,1.54831959,78.41999372,138.7079898
37183052408,37,183,52408,-0.934260414,0.748147878,76.64348965,118.7036969
37183052409,37,183,52409,-1.391380554,0.468599544,65.21548615,111.7149886
37183052504,37,183,52504,-0.608197554,1.650378869,84.79506115,141.2594717
37183052505,37,183,52505,-0.531605681,1.365293947,86.70985797,134.1323487
37183052506,37,183,52506,0.107792191,1.392118528,102.6948048,134.8029632
37183052507,37,183,52507,-0.240683927,0.419551589,93.98290183,110.4887897
37183052508,37,183,52508,0.175959371,1.695039679,104.3989843,142.375992
37183052509,37,183,52509,0.132812979,1.909825893,103.3203245,147.7456473
37183052601,37,183,52601,1.403087898,0.522592527,135.0771975,113.0648132
37183052602,37,183,52602,0.676952985,1.149977047,116.9238246,128.7494262
37183052603,37,183,52603,0.426792759,2.155404862,110.669819,153.8851215
37183052701,37,183,52701,-1.09501156,0.819828132,72.624711,120.4957033
37183052704,37,183,52704,-1.803755941,-0.170885071,54.90610149,95.72787322
37183052705,37,183,52705,-0.767921054,0.681619888,80.80197366,117.0404972
37183052706,37,183,52706,-1.112202319,0.0767834,72.19494203,101.919585
37183052707,37,183,52707,-0.67545558,-0.588004408,83.11361049,85.29988981
37183052801,37,183,52801,0.557563156,0.351562384,113.9390789,108.7890596
37183052802,37,183,52802,-0.001963143,-0.017177317,99.95092143,99.57056708
37183052809,37,183,52809,0.771572733,0.064860586,119.2893183,101.6215146
37183052810,37,183,52810,0.106820359,-2.450814793,102.670509,38.72963019
37183052811,37,183,52811,-0.322418558,-0.942886708,91.93953605,76.4278323
37183052812,37,183,52812,0.500068641,0.354642948,112.501716,108.8660737
37183052814,37,183,52814,0.884192426,-1.239137703,122.1048107,69.02155742
37183052902,37,183,52902,1.657518326,-0.351124275,141.4379582,91.22189312
37183052903,37,183,52903,1.696893815,-0.677136935,142.4223454,83.07157663
37183052906,37,183,52906,1.600299517,-0.29325486,140.0074879,92.6686285
37183053003,37,183,53003,-0.52313269,1.293909667,86.92168275,132.3477417
37183053004,37,183,53004,0.549987791,1.149711146,113.7496948,128.7427787
37183053005,37,183,53005,1.920867591,-0.852114924,148.0216898,78.69712691
37183053006,37,183,53006,2.181610913,-0.362196776,154.5402728,90.94508061
37183053007,37,183,53007,1.895536671,-0.555884138,147.3884168,86.10289655
37183053009,37,183,53009,0.673202255,0.164452723,116.8300564,104.1113181
37183053010,37,183,53010,1.330075534,-0.219461061,133.2518884,94.51347347
37183053011,37,183,53011,-0.515058308,1.422843313,87.12354231,135.5710828
37183053105,37,183,53105,0.785855925,0.024488171,119.6463981,100.6122043
37183053106,37,183,53106,0.105181116,-0.237871275,102.6295279,94.05321812
37183053109,37,183,53109,1.396104512,0.502540022,134.9026128,112.5635006
37183053111,37,183,53111,1.008275989,-0.634054157,125.2068997,84.14864607
37183053112,37,183,53112,1.3559774,-0.761274001,133.899435,80.96814998
37183053113,37,183,53113,1.0479616,-0.121625592,126.19904,96.95936019
37183053114,37,183,53114,1.528220964,-0.578127272,138.2055241,85.54681819
37183053202,37,183,53202,1.276235034,-1.607120379,131.9058758,59.82199053
37183053203,37,183,53203,0.443025575,0.205548578,111.0756394,105.1387144
37183053204,37,183,53204,-0.284625498,0.142203681,92.88436255,103.555092
37183053205,37,183,53205,0.782860231,0.598448046,119.5715058,114.9612012
37183053206,37,183,53206,0.972611267,-0.049864341,124.3152817,98.75339147
37183053405,37,183,53405,0.234185334,1.038016793,105.8546333,125.9504198
37183053408,37,183,53408,-0.0782099,-0.824789191,98.0447525,79.38027022
37183053409,37,183,53409,0.977606938,-1.676352343,124.4401734,58.09119143
37183053410,37,183,53410,-0.131877219,-0.532347582,96.70306953,86.69131046
37183053415,37,183,53415,-0.495734585,0.722732873,87.60663538,118.0683218
37183053419,37,183,53419,1.007593133,-0.197911433,125.1898283,95.05221417
37183053421,37,183,53421,0.382151318,0.491164083,109.553783,112.2791021
37183053422,37,183,53422,1.242817692,-1.352789791,131.0704423,66.18025521
37183053423,37,183,53423,0.344805103,0.258819248,108.6201276,106.4704812
37183053424,37,183,53424,0.247773592,-0.836770928,106.1943398,79.08072681
37183053425,37,183,53425,-0.928520811,0.665286861,76.78697973,116.6321715
37183053429,37,183,53429,-0.009607213,0.942856477,99.75981967,123.5714119
37183053430,37,183,53430,-0.251280347,1.222786146,93.71799132,130.5696536
37183053431,37,183,53431,0.179264158,1.002788653,104.4816039,125.0697163
37183053433,37,183,53433,1.09429818,-0.35249567,127.3574545,91.18760824
37183053434,37,183,53434,-0.140166611,-1.219204367,96.49583472,69.51989083
37183053435,37,183,53435,-0.154503326,1.392038586,96.13741685,134.8009647
37183053436,37,183,53436,-0.616802108,1.423010004,84.5799473,135.5752501
37183053505,37,183,53505,0.985191033,0.527080553,124.6297758,113.1770138
37183053506,37,183,53506,0.559835911,0.705803506,113.9958978,117.6450877
37183053507,37,183,53507,-0.415147695,1.284775323,89.62130762,132.1193831
37183053509,37,183,53509,1.580181206,-0.765241316,139.5045302,80.86896711
37183053512,37,183,53512,0.049229962,1.412152156,101.2307491,135.3038039
37183053513,37,183,53513,-0.846000361,1.068826455,78.84999098,126.7206614
37183053516,37,183,53516,-0.361550053,1.002116647,90.96124868,125.0529162
37183053517,37,183,53517,-0.831419535,0.692695787,79.21451163,117.3173947
37183053518,37,183,53518,1.331457861,0.355956424,133.2864465,108.8989106
37183053519,37,183,53519,-0.60625518,1.080859799,84.84362049,127.021495
37183053520,37,183,53520,-0.615590171,0.748059657,84.61024572,118.7014914
37183053521,37,183,53521,1.209243056,-0.874735385,130.2310764,78.13161537
37183053522,37,183,53522,-1.030058334,0.786144068,74.24854165,119.6536017
37183053523,37,183,53523,-0.871643708,0.76144827,78.20890731,119.0362068
37183053524,37,183,53524,-0.418498551,1.339317951,89.53753622,133.4829488
37183053525,37,183,53525,0.707816924,0.1186394,117.6954231,102.965985
37183053603,37,183,53603,-0.285094538,0.133456229,92.87263656,103.3364057
37183053604,37,183,53604,-0.27625501,-0.217111145,93.09362475,94.57222137
37183053608,37,183,53608,-0.871150077,-0.052317919,78.22124806,98.69205201
37183053609,37,183,53609,-0.756040753,0.924349445,81.09898118,123.1087361
37183053611,37,183,53611,-1.000174357,-0.054428658,74.99564107,98.63928354
37183053612,37,183,53612,-1.246501975,0.691818199,68.83745063,117.295455
37183053613,37,183,53613,-0.817959158,0.396381035,79.55102106,109.9095259
37183053614,37,183,53614,-0.365009556,1.191409193,90.87476109,129.7852298
37183053615,37,183,53615,-0.937164966,0.760245953,76.57087585,119.0061488
37183053616,37,183,53616,-0.591636539,0.881243502,85.20908651,122.0310876
37183053617,37,183,53617,-0.826768243,0.403352586,79.33079392,110.0838147
37183053619,37,183,53619,-0.558650162,0.61961077,86.03374596,115.4902692
37183053620,37,183,53620,-0.203948443,-0.157525145,94.90128892,96.06187138
37183053711,37,183,53711,0.528080285,0.441684093,113.2020071,111.0421023
37183053712,37,183,53712,1.051057053,0.752885107,126.2764263,118.8221277
37183053713,37,183,53713,-0.217449631,0.520435195,94.56375922,113.0108799
37183053714,37,183,53714,-0.058840469,0.763124627,98.52898827,119.0781157
37183053715,37,183,53715,0.750761474,-0.480150673,118.7690369,87.99623317
37183053716,37,183,53716,-0.152621518,1.37202402,96.18446204,134.3006005
37183053717,37,183,53717,-0.878604497,1.061388124,78.03488758,126.5347031
37183053718,37,183,53718,0.884832466,-0.686718699,122.1208117,82.83203253
37183053719,37,183,53719,1.042899653,-1.40578713,126.0724913,64.85532174
37183053720,37,183,53720,2.319169964,-0.483389213,157.9792491,87.91526966
37183053721,37,183,53721,2.076211137,-1.061252402,151.9052784,73.46868996
37183053722,37,183,53722,0.088089021,1.762581621,102.2022255,144.0645405
37183053723,37,183,53723,-0.601914198,1.264308842,84.95214504,131.6077211
37183053724,37,183,53724,-0.550768336,1.056267899,86.2307916,126.4066975
37183053725,37,183,53725,-0.167128651,1.367742891,95.82178372,134.1935723
37183053726,37,183,53726,-1.075093001,1.096247459,73.12267497,127.4061865
37183053727,37,183,53727,0.035954537,1.620878479,100.8988634,140.521962
37183053728,37,183,53728,-0.527089411,0.816388223,86.82276473,120.4097056
37183053803,37,183,53803,2.303180837,-0.80139611,157.5795209,79.96509724
37183053805,37,183,53805,2.475834636,-0.436240065,161.8958659,89.09399838
37183053806,37,183,53806,2.447905064,-0.708810954,161.1976266,82.27972615
37183053807,37,183,53807,1.229781794,0.310611989,130.7445449,107.7652997
37183053808,37,183,53808,2.224419729,-0.912874846,155.6104932,77.17812884
37183054001,37,183,54001,-0.498586798,1.133194253,87.53533006,128.3298563
37183054004,37,183,54004,-1.030943476,0.842909646,74.2264131,121.0727411
37183054006,37,183,54006,-0.469540578,0.21038934,88.26148556,105.2597335
37183054007,37,183,54007,-0.426658373,1.236786645,89.33354068,130.9196661
37183054008,37,183,54008,-1.651550887,-0.17487002,58.71122784,95.6282495
37183054011,37,183,54011,1.549473561,-0.726555871,138.736839,81.83610323
37183054012,37,183,54012,0.506114645,0.807241083,112.6528661,120.1810271
37183054015,37,183,54015,-1.218939461,0.175043541,69.52651348,104.3760885
37183054016,37,183,54016,0.197371708,0.304040406,104.9342927,107.6010102
37183054017,37,183,54017,-0.985325572,0.579015381,75.36686071,114.4753845
37183054018,37,183,54018,-1.715301284,-0.033280267,57.1174679,99.16799333
37183054019,37,183,54019,-0.209218433,0.896746267,94.76953917,122.4186567
37183054020,37,183,54020,0.176033711,1.552622925,104.4008428,138.8155731
37183054021,37,183,54021,0.857597127,-0.068261818,121.4399282,98.29345454
37183054106,37,183,54106,-0.817311654,-0.40888993,79.56720866,89.77775174
37183054108,37,183,54108,0.934158998,-1.703172471,123.353975,57.42068823
37183054109,37,183,54109,1.241925246,-1.027416986,131.0481312,74.31457534
37183054112,37,183,54112,0.238268109,-0.3467783,105.9567027,91.33054251
37183054114,37,183,54114,0.272428665,-0.271343473,106.8107166,93.21641318
37183054116,37,183,54116,-0.580210291,0.659976084,85.49474274,116.4994021
37183054117,37,183,54117,-0.130669096,-2.267849207,96.73327259,43.30376982
37183054203,37,183,54203,1.808661094,-0.368575951,145.2165274,90.78560124
37183054204,37,183,54204,0.804575237,0.409685585,120.1143809,110.2421396
37183054206,37,183,54206,0.079496658,1.934094197,101.9874165,148.3523549
37183054212,37,183,54212,-0.784131588,1.284275825,80.3967103,132.1068956
37183054213,37,183,54213,-0.315496317,0.541139842,92.11259208,113.528496
37183054217,37,183,54217,1.500927328,-1.617835543,137.5231832,59.55411143
37183054218,37,183,54218,0.129764224,-0.171936161,103.2441056,95.70159597
37183054219,37,183,54219,0.339813057,0.594492227,108.4953264,114.8623057
37183054220,37,183,54220,-0.30940825,1.37019324,92.26479374,134.254831
37183054223,37,183,54223,-0.044086955,0.353648902,98.89782612,108.8412226
37183054224,37,183,54224,-0.17106186,0.032866984,95.72345349,100.8216746
37183054305,37,183,54305,0.494301289,-0.71701969,112.3575322,82.07450774
37183054501,37,183,54501,-0.718994017,0.881312731,82.02514958,122.0328183
37183054502,37,183,54502,-0.827027966,-0.362522989,79.32430084,90.93692526
37189920500,37,189,920500,-0.107073625,1.13199723,97.32315937,128.2999308
37189920601,37,189,920601,0.270533542,1.683240948,106.7633386,142.0810237
37189920703,37,189,920703,1.616306067,0.815343786,140.4076517,120.3835946
37191000102,37,191,102,1.69472879,-0.313885641,142.3682198,92.15285896
37191000402,37,191,402,0.451591472,0.430588976,111.2897868,110.7647244
37191001200,37,191,1200,-0.580524206,0.547191895,85.48689484,113.6797974
37191001301,37,191,1301,-0.227822189,0.329807332,94.30444527,108.2451833
37191001302,37,191,1302,-0.610466903,1.036849799,84.73832743,125.921245
37191001401,37,191,1401,-0.340367083,-1.363037392,91.49082293,65.92406521
37191001402,37,191,1402,-1.006779141,-0.477633969,74.83052148,88.05915077
37191001800,37,191,1800,-1.287447653,-0.255652924,67.81380868,93.60867691
37191001900,37,191,1900,-0.854900876,-0.659953504,78.62747811,83.50116241
37193960402,37,193,960402,1.92678739,0.61256446,148.1696848,115.3141115
37193960500,37,193,960500,1.234707565,0.112095061,130.8676891,102.8023765
37193961100,37,193,961100,0.806260033,0.287077263,120.1565008,107.1769316
37195000100,37,195,100,-1.592981348,-0.467252911,60.1754663,88.31867722
37195000200,37,195,200,-2.105864057,-0.507990924,47.35339857,87.3002269
37195000300,37,195,300,-1.160946288,-2.131550364,70.9763428,46.71124089
37195000401,37,195,401,-1.124759376,-0.330259672,71.88101561,91.74350819
37195000402,37,195,402,-0.183619834,0.191164436,95.40950416,104.7791109
37195000501,37,195,501,1.497716542,-1.342976211,137.4429136,66.42559473
37195000502,37,195,502,0.022222751,-0.514816775,100.5555688,87.12958062
37195000601,37,195,601,-0.900229522,-0.060136946,77.49426195,98.49657635
37195000801,37,195,801,-2.032716055,-0.602050699,49.18209863,84.94873254
