GEOID,STATEFP,COUNTYFP,TRACTCE,Proximity_PCA1,Proximity_PCA2,stnd_Proximity_PCA1,stnd_Proximity_PCA2
37001020100,37,1,20100,0.940756431,0.334795036,123.5189108,108.3698759
37001020200,37,1,20200,0.593684071,-0.111306244,114.8421018,97.2173439
37001020301,37,1,20301,0.201004394,-0.283689623,105.0251099,92.90775944
37001020302,37,1,20302,0.295936605,-0.484901841,107.3984151,87.87745399
37001020400,37,1,20400,0.34034074,-0.326438391,108.5085185,91.83904022
37001020501,37,1,20501,0.255322396,-0.057342434,106.3830599,98.56643915
37001020502,37,1,20502,0.451751853,-0.187515827,111.2937963,95.31210432
37001020601,37,1,20601,0.261186476,0.177747682,106.5296619,104.4436921
37001020602,37,1,20602,0.465767256,0.114461118,111.6441814,102.861528
37001020701,37,1,20701,0.382897269,-0.053119227,109.5724317,98.67201931
37001020702,37,1,20702,0.413665871,0.124977557,110.3416468,103.1244389
37001020801,37,1,20801,-0.314070761,-0.602229589,92.14823098,84.94426028
37001020802,37,1,20802,0.706212732,-0.069640256,117.6553183,98.25899359
37001020901,37,1,20901,0.148349005,-0.262072374,103.7087251,93.44819066
37001020902,37,1,20902,-0.554230771,-0.877356014,86.14423073,78.06609966
37001021000,37,1,21000,0.749882707,0.132053392,118.7470677,103.3013348
37001021101,37,1,21101,0.315034499,-0.151949267,107.8758625,96.20126832
37001021102,37,1,21102,-0.311686877,-0.885398692,92.20782809,77.86503271
37001021201,37,1,21201,-0.70614051,-1.103769397,82.34648725,72.40576507
37001021204,37,1,21204,-1.217205128,-1.390313152,69.56987181,65.24217119
37001021205,37,1,21205,-0.097994074,-0.365073385,97.55014816,90.87316538
37001021206,37,1,21206,-0.941739009,-1.036869681,76.45652479,74.07825797
37001021701,37,1,21701,-0.224233032,-0.325077109,94.39417421,91.87307229
37001021702,37,1,21702,0.233970968,0.267835313,105.8492742,106.6958828
37003040400,37,3,40400,-0.541637104,0.817891783,86.4590724,120.4472946
37003040700,37,3,40700,-1.575543963,-0.430180741,60.61140092,89.24548148
37013930300,37,13,930300,-0.04321076,2.684178355,98.91973101,167.1044589
37013930501,37,13,930501,-1.840535986,1.551701626,53.98660036,138.7925406
37019020105,37,19,20105,-0.86551716,1.00140707,78.362071,125.0351768
37019020107,37,19,20107,-0.823029077,0.952387756,79.42427307,123.8096939
37019020108,37,19,20108,-0.617730001,1.418178693,84.55674997,135.4544673
37019020201,37,19,20201,-0.697408907,1.259930964,82.56477733,131.4982741
37019020304,37,19,20304,-3.063644673,0.603395574,23.40888318,115.0848894
37019020313,37,19,20313,-4.391115649,0.012314601,-9.777891214,100.307865
37019020314,37,19,20314,-4.099900753,-0.054071308,-2.497518818,98.6482173
37019020315,37,19,20315,-2.703381306,1.330049235,32.41546735,133.2512309
37019020504,37,19,20504,-4.703225899,0.738929242,-17.58064748,118.4732311
37019020510,37,19,20510,-3.58943345,1.085606995,10.26416375,127.1401749
37019020511,37,19,20511,-2.698174357,1.649723656,32.54564109,141.2430914
37019020514,37,19,20514,-1.866462559,2.201801744,53.33843602,155.0450436
37019020516,37,19,20516,-3.97283024,1.144922341,0.679244011,128.6230585
37019020517,37,19,20517,-4.447517135,0.84666403,-11.18792836,121.1666007
37019020518,37,19,20518,-3.664665551,0.572690052,8.383361237,114.3172513
37021000100,37,21,100,1.468562802,0.414476253,136.7140701,110.3619063
37021000200,37,21,200,1.151634941,0.165560751,128.7908735,104.1390188
37021000300,37,21,300,1.117568842,0.129332254,127.9392211,103.2333064
37021000400,37,21,400,1.185640623,0.64136191,129.6410156,116.0340478
37021000500,37,21,500,0.696994084,0.056850578,117.4248521,101.4212644
37021000600,37,21,600,1.319399653,0.571261069,132.9849913,114.2815267
37021000700,37,21,700,1.236834908,0.399878561,130.9208727,109.996964
37021000800,37,21,800,0.936801252,0.15240845,123.4200313,103.8102113
37021000900,37,21,900,1.259427413,0.429763526,131.4856853,110.7440882
37021001000,37,21,1000,0.770867355,-0.15790492,119.2716839,96.052377
37021001100,37,21,1100,0.953746668,0.169764381,123.8436667,104.2441095
37021001200,37,21,1200,0.766349166,-0.18788966,119.1587292,95.30275849
37021001300,37,21,1300,0.601166071,-0.50681437,115.0291518,87.32964076
37021001401,37,21,1401,0.452122601,-0.587483671,111.303065,85.31290823
37021001402,37,21,1402,0.720464379,-0.352274523,118.0116095,91.19313693
37021001500,37,21,1500,0.436460493,-0.546867655,110.9115123,86.32830863
37021001601,37,21,1601,0.761932397,-0.134491135,119.0483099,96.63772162
37021001802,37,21,1802,0.268300795,-0.604834682,106.7075199,84.87913294
37021001900,37,21,1900,0.853379438,-0.181035556,121.334486,95.47411109
37021002000,37,21,2000,1.106070874,-0.027032313,127.6517719,99.32419218
37021002102,37,21,2102,0.870775916,-0.064030758,121.7693979,98.39923104
37021002203,37,21,2203,0.671964883,0.058304606,116.7991221,101.4576152
37021002205,37,21,2205,-0.025133424,-0.840674287,99.3716644,78.98314284
37021002303,37,21,2303,0.000886636,-0.802573052,100.0221659,79.93567369
37021002503,37,21,2503,-1.084144505,-1.323090637,72.89638738,66.92273408
37021002505,37,21,2505,-0.497797644,-1.362574334,87.5550589,65.93564165
37021002506,37,21,2506,-0.117920473,-0.861715918,97.05198818,78.45710204
37021002607,37,21,2607,-0.74680566,-1.395666437,81.3298585,65.10833907
37021003002,37,21,3002,0.160282922,-0.28224531,104.007073,92.94386725
37021003003,37,21,3003,0.363001534,-0.147419995,109.0750384,96.31450013
37021003105,37,21,3105,-0.406542993,-0.450875651,89.83642517,88.72810873
37021003201,37,21,3201,0.27592807,-0.484420945,106.8982018,87.88947638
37023020500,37,23,20500,0.481093347,1.256730956,112.0273337,131.4182739
37023020600,37,23,20600,0.531814426,1.267778493,113.2953606,131.6944623
37023020801,37,23,20801,-0.95646578,0.006489005,76.0883555,100.1622251
37023020802,37,23,20802,-0.507363055,0.531758519,87.31592364,113.293963
37023020902,37,23,20902,-0.075160112,0.639889959,98.1209972,115.997249
37023021100,37,23,21100,-0.678526839,0.089207876,83.03682903,102.2301969
37023021301,37,23,21301,-1.607536939,-0.135693168,59.81157653,96.6076708
37025040501,37,25,40501,-1.383488509,-1.324387041,65.41278728,66.89032398
37025040701,37,25,40701,0.355038199,0.060679614,108.875955,101.5169903
37025040703,37,25,40703,0.462002625,-0.068178551,111.5500656,98.29553624
37025040704,37,25,40704,0.210911487,-0.496327677,105.2727872,87.59180808
37025040705,37,25,40705,0.306492802,-0.212387249,107.66232,94.69031878
37025040800,37,25,40800,0.666379618,-0.1017421,116.6594905,97.4564475
37025040900,37,25,40900,0.439604403,-0.182875017,110.9901101,95.42812457
37025041001,37,25,41001,0.318155855,-0.58108669,107.9538964,85.47283274
37025041002,37,25,41002,0.817178624,-0.157292387,120.4294656,96.06769033
37025041304,37,25,41304,-1.851597183,-1.839332304,53.71007042,54.01669239
37025041307,37,25,41307,-0.724163006,-1.501087858,81.89592486,62.47280355
37025041504,37,25,41504,-0.723709278,-1.201554625,81.90726806,69.96113437
37025041505,37,25,41505,0.017361946,-0.774489046,100.4340487,80.63777384
37025041901,37,25,41901,0.733975216,-0.310711751,118.3493804,92.23220621
37025041902,37,25,41902,0.915399347,-0.001092283,122.8849837,99.97269292
37025042000,37,25,42000,-0.218703357,-0.569073572,94.53241607,85.77316071
37025042101,37,25,42101,0.549094674,-0.152812246,113.7273668,96.17969385
37025042102,37,25,42102,0.244381169,-0.194001224,106.1095292,95.14996941
37025042201,37,25,42201,0.014944221,-0.276170111,100.3736055,93.09574723
37025042202,37,25,42202,0.056386216,-0.463030088,101.4096554,88.42424781
37025042300,37,25,42300,0.886004476,0.098219,122.1501119,102.455475
37025042401,37,25,42401,0.390720291,-0.285502519,109.7680073,92.86243703
37025042402,37,25,42402,0.629020114,0.060115597,115.7255029,101.5028899
37025042501,37,25,42501,0.323241341,-0.485156138,108.0810335,87.87109656
37025042502,37,25,42502,0.326225281,-0.281917786,108.155632,92.95205536
37025042503,37,25,42503,-0.093128125,-0.562101835,97.67179689,85.94745414
37025042504,37,25,42504,-0.380981076,-0.879054234,90.4754731,78.02364416
37025042601,37,25,42601,-0.693995206,-1.032446128,82.65011986,74.1888468
37025042602,37,25,42602,-0.606884357,-1.018660467,84.82789107,74.53348833
37025042603,37,25,42603,-0.070760634,-0.709953266,98.23098415,82.25116836
37025042604,37,25,42604,0.596521648,-0.16125154,114.9130412,95.9687115
37027030100,37,27,30100,0.412040626,1.356203449,110.3010157,133.9050862
37027030300,37,27,30300,-0.561036325,0.64329097,85.97409189,116.0822742
37027030400,37,27,30400,-0.124953756,1.028158312,96.87615609,125.7039578
37027030600,37,27,30600,-0.173536001,1.077033197,95.66159998,126.9258299
37027030700,37,27,30700,-0.246784765,0.702699441,93.83038088,117.567486
37027030801,37,27,30801,-1.945540451,-0.561748223,51.36148873,85.95629442
37027031403,37,27,31403,-0.563771949,0.432093266,85.90570128,110.8023316
37031970304,37,31,970304,-2.095997699,1.763186141,47.60005752,144.0796535
37031970401,37,31,970401,-0.348868145,3.279370169,91.27829639,181.9842542
37031970403,37,31,970403,-0.364068259,3.128120952,90.89829352,178.2030238
37031970503,37,31,970503,-0.731817636,2.999904605,81.70455911,174.9976151
37031970601,37,31,970601,-4.200855889,0.455575038,-5.021397229,111.3893759
37031970602,37,31,970602,-2.629123921,1.665691552,34.27190197,141.6422888
37031970603,37,31,970603,-1.57562076,2.315983956,60.60948099,157.8995989
37031970606,37,31,970606,-0.961714192,2.670140516,75.95714521,166.7535129
37031970703,37,31,970703,-1.236823725,2.334992901,69.07940687,158.3748225
37031970903,37,31,970903,-5.283030639,0.005366489,-32.07576598,100.1341622
37031970904,37,31,970904,-3.4731849,1.33680173,13.1703775,133.4200433
37031971003,37,31,971003,-3.361039739,0.777136624,15.97400653,119.4284156
37035010102,37,35,10102,0.173254627,0.761996887,104.3313657,119.0499222
37035010201,37,35,10201,-1.878939173,-0.860833202,53.02652068,78.47916994
37035010204,37,35,10204,0.222774558,0.662129696,105.569364,116.5532424
37035010301,37,35,10301,-1.313999969,-0.477371915,67.15000078,88.06570211
37035010302,37,35,10302,-0.343336411,0.506821895,91.41658972,112.6705474
37035010303,37,35,10303,0.23326804,0.800025538,105.831701,120.0006384
37035010304,37,35,10304,-0.098247865,0.697774037,97.54380337,117.4443509
37035010402,37,35,10402,0.618358194,1.345919034,115.4589549,133.6479759
37035010403,37,35,10403,0.290430858,0.87024757,107.2607715,121.7561893
37035010404,37,35,10404,0.322453303,0.503584393,108.0613326,112.5896098
37035010501,37,35,10501,0.649784729,1.251984351,116.2446182,131.2996088
37035010502,37,35,10502,-0.411952245,0.246238255,89.70119386,106.1559564
37035010600,37,35,10600,0.630974653,0.931867851,115.7743663,123.2966963
37035010700,37,35,10700,0.194205046,0.846938172,104.8551262,121.1734543
37035010900,37,35,10900,0.696238466,0.982377629,117.4059616,124.5594407
37035011000,37,35,11000,0.092528202,0.719922416,102.3132051,117.9980604
37035011102,37,35,11102,-0.91143653,-0.035898191,77.21408675,99.10254523
37035011200,37,35,11200,0.684712566,0.93953441,117.1178141,123.4883603
37035011300,37,35,11300,-0.173743184,0.314590138,95.6564204,107.8647535
37035011506,37,35,11506,-1.940199605,-1.1170367,51.49500988,72.07408251
37037020402,37,37,20402,-1.059810727,-0.103684687,73.50473183,97.40788283
37045950400,37,45,950400,0.498727507,0.465994647,112.4681877,111.6498662
37045950701,37,45,950701,-0.540988258,0.517341638,86.47529356,112.933541
37045950702,37,45,950702,0.318104192,1.164032398,107.9526048,129.1008099
37045950800,37,45,950800,-0.691195872,0.044396471,82.72010321,101.1099118
37045950900,37,45,950900,0.630033743,1.212062637,115.7508436,130.3015659
37045951000,37,45,951000,0.451000249,1.015933007,111.2750062,125.3983252
37045951100,37,45,951100,0.869340205,1.38904076,121.7335051,134.726019
37045951200,37,45,951200,0.214228409,0.93652316,105.3557102,123.413079
37049960402,37,49,960402,-1.286422661,2.771314813,67.83943347,169.2828703
37049960403,37,49,960403,-1.611622584,2.782450924,59.70943541,169.5612731
37049960502,37,49,960502,-1.598823171,2.5509773,60.02942074,163.7744325
37049960600,37,49,960600,-0.710273929,3.201167781,82.24315176,180.0291945
37049960700,37,49,960700,-0.662164266,3.361379815,83.44589335,184.0344954
37049960800,37,49,960800,-0.606644435,3.256749404,84.83388911,181.4187351
37049960900,37,49,960900,-0.336087872,3.601885752,91.59780319,190.0471438
37049961002,37,49,961002,-2.671915702,1.718227249,33.20210744,142.9556812
37049961003,37,49,961003,-3.079255147,1.299869196,23.01862132,132.4967299
37049961101,37,49,961101,-4.939319848,-0.017784605,-23.48299619,99.55538487
37049961202,37,49,961202,-2.846664566,2.258387762,28.83338585,156.4596941
37051000200,37,51,200,0.731642712,1.015819016,118.2910678,125.3954754
37051000500,37,51,500,0.571647381,0.756289201,114.2911845,118.90723
37051000600,37,51,600,0.494864468,0.72895155,112.3716117,118.2237888
37051000701,37,51,701,0.375557267,0.572128203,109.3889317,114.3032051
37051000702,37,51,702,0.52076774,0.742150708,113.0191935,118.5537677
37051000800,37,51,800,1.04831672,0.831664042,126.207918,120.791601
37051000900,37,51,900,0.3529704,0.340451861,108.82426,108.5112965
37051001000,37,51,1000,0.440546862,0.385211327,111.0136716,109.6302832
37051001100,37,51,1100,0.43720909,0.130975873,110.9302273,103.2743968
37051001200,37,51,1200,0.587611988,0.470055965,114.6902997,111.7513991
37051001402,37,51,1402,0.157431296,-0.128694333,103.9357824,96.78264168
37051001500,37,51,1500,-1.131026461,-0.891377152,71.72433848,77.71557119
37051001603,37,51,1603,-0.032238377,0.083560483,99.19404057,102.0890121
37051001604,37,51,1604,-0.168721551,0.081997532,95.78196122,102.0499383
37051001605,37,51,1605,0.570053115,0.687906594,114.2513279,117.1976649
37051001606,37,51,1606,-0.298806346,-0.186508828,92.52984135,95.33727929
37051001701,37,51,1701,0.559154038,0.678759837,113.978851,116.9689959
37051001702,37,51,1702,0.195926034,0.143818326,104.8981508,103.5954581
37051001800,37,51,1800,0.650694652,0.885513045,116.2673663,122.1378261
37051001901,37,51,1901,0.171452397,0.291986689,104.2863099,107.2996672
37051001902,37,51,1902,0.393956885,0.598567088,109.8489221,114.9641772
37051001903,37,51,1903,0.346669868,0.473811969,108.6667467,111.8452992
37051002001,37,51,2001,0.479510066,0.579497111,111.9877517,114.4874278
37051002002,37,51,2002,0.39341262,0.484336613,109.8353155,112.1084153
37051002100,37,51,2100,0.501345679,0.502423702,112.533642,112.5605926
37051002200,37,51,2200,0.198094655,0.296810088,104.9523664,107.4202522
37051002301,37,51,2301,0.015113148,-0.194119056,100.3778287,95.1470236
37051002302,37,51,2302,-0.049208883,-0.057675725,98.76977793,98.55810688
37051002401,37,51,2401,0.246110385,0.166997355,106.1527596,104.1749339
37051002402,37,51,2402,0.27937321,0.175053235,106.9843303,104.3763309
37051002503,37,51,2503,0.56384504,0.405125292,114.096126,110.1281323
37051002504,37,51,2504,-0.490854219,-0.510740136,87.72864453,87.23149661
37051002505,37,51,2505,0.227314027,0.126445344,105.6828507,103.1611336
37051003102,37,51,3102,-0.78494177,-0.685390368,80.37645575,82.8652408
37051003103,37,51,3103,-0.58813349,-0.313286982,85.29666274,92.16782545
37051003105,37,51,3105,-0.63999496,-0.217489016,84.00012599,94.5627746
37051003203,37,51,3203,0.0209786,0.036304547,100.524465,100.9076137
37051003205,37,51,3205,-0.327402697,-0.239126428,91.81493256,94.0218393
37051003206,37,51,3206,-0.519450129,-0.656025919,87.01374676,83.59935202
37051003207,37,51,3207,-0.505585772,-0.551053124,87.36035569,86.22367189
37051003208,37,51,3208,-0.073450047,-0.079709682,98.16374882,98.00725794
37051003209,37,51,3209,-0.485604031,-0.505359126,87.85989923,87.36602186
37051003302,37,51,3302,0.14314884,0.291424315,103.578721,107.2856079
37051003304,37,51,3304,0.446317806,0.38892657,111.1579452,109.7231642
37051003307,37,51,3307,-0.132429023,-0.115004775,96.68927444,97.12488063
37051003310,37,51,3310,0.117492076,0.154344575,102.9373019,103.8586144
37051003312,37,51,3312,-0.564437414,-0.337471203,85.88906465,91.56321992
37051003313,37,51,3313,-0.589978966,-0.690193411,85.25052585,82.74516473
37051003314,37,51,3314,-0.240578067,-0.277706008,93.98554834,93.05734979
37051003315,37,51,3315,0.069465844,0.166850926,101.7366461,104.1712732
37051003317,37,51,3317,0.08233518,0.039065308,102.0583795,100.9766327
37051003318,37,51,3318,0.094306216,0.005041419,102.3576554,100.1260355
37051003401,37,51,3401,-0.582267106,0.299894045,85.44332235,107.4973511
37051003403,37,51,3403,-0.474163233,0.437658934,88.14591918,110.9414733
37051003408,37,51,3408,-0.659627123,0.043295353,83.50932192,101.0823838
37051003409,37,51,3409,-0.121167645,0.981579122,96.97080886,124.5394781
37051003410,37,51,3410,-0.14318609,0.908434206,96.42034776,122.7108552
37051003501,37,51,3501,0.682898459,0.425838033,117.0724615,110.6459508
37051003502,37,51,3502,0.626065532,0.670137939,115.6516383,116.7534485
37051003601,37,51,3601,-0.505386332,-0.390273294,87.3653417,90.24316765
37051003800,37,51,3800,1.198162983,1.030617083,129.9540746,125.7654271
37055970101,37,55,970101,-6.049185326,2.382814498,-51.22963315,159.5703624
37055970200,37,55,970200,-2.956957328,4.946174519,26.07606679,223.654363
37055970302,37,55,970302,-2.93490668,5.239256194,26.62733299,230.9814048
37055970601,37,55,970601,-3.530551886,4.404375917,11.73620285,210.1093979
37057060202,37,57,60202,-1.26613916,-1.70876947,68.346521,57.28076325
37057060203,37,57,60203,-0.574115255,-0.74872224,85.64711863,81.281944
37057060301,37,57,60301,-1.576703127,-1.38787027,60.58242183,65.30324326
37057060302,37,57,60302,-1.251899671,-1.361716591,68.70250824,65.95708523
37057060700,37,57,60700,0.765568326,0.188010041,119.1392081,104.700251
37057060800,37,57,60800,0.963533631,0.433203342,124.0883408,110.8300836
37057060900,37,57,60900,0.352785764,-0.073048782,108.8196441,98.17378045
37057061000,37,57,61000,0.585901847,-0.102802463,114.6475462,97.42993843
37057061101,37,57,61101,0.207807396,-0.334511761,105.1951849,91.63720597
37057061102,37,57,61102,-0.711964263,-0.623730175,82.20089344,84.40674562
37057061203,37,57,61203,0.281199187,0.408529094,107.0299797,110.2132274
37057061300,37,57,61300,0.655951665,1.035935717,116.3987916,125.8983929
37057061400,37,57,61400,0.562358643,0.404226497,114.0589661,110.1056624
37057061501,37,57,61501,0.451605916,0.945025846,111.2901479,123.6256462
37057061502,37,57,61502,-0.391152277,-0.072822952,90.22119306,98.17942621
37057061600,37,57,61600,0.141031339,0.151898965,103.5257835,103.7974741
37057061701,37,57,61701,-1.099842968,-0.600817745,72.50392579,84.97955638
37059080301,37,59,80301,-0.153367494,-0.401934325,96.16581266,89.95164187
37059080500,37,59,80500,-1.015333833,-0.224501579,74.61665418,94.38746052
37061090706,37,61,90706,-2.982792621,0.523304835,25.43018448,113.0826209
37063000101,37,63,101,0.928734698,-0.032214953,123.2183675,99.19462617
37063000102,37,63,102,0.850923961,-0.286815663,121.273099,92.82960843
37063000200,37,63,200,1.095879388,0.138341428,127.3969847,103.4585357
37063000301,37,63,301,1.0022563,-0.001934021,125.0564075,99.95164947
37063000401,37,63,401,0.659051179,-0.037282451,116.4762795,99.06793873
37063000402,37,63,402,1.065777214,-0.103483418,126.6444304,97.41291455
37063000500,37,63,500,1.124048325,0.119338027,128.1012081,102.9834507
37063000600,37,63,600,0.757723067,-0.040974154,118.9430767,98.97564616
37063000700,37,63,700,0.984060912,0.215138616,124.6015228,105.3784654
37063000900,37,63,900,1.105363028,-0.11376141,127.6340757,97.15596475
37063001001,37,63,1001,1.078021405,-0.2626286,126.9505351,93.43428501
37063001002,37,63,1002,0.958677585,-0.126939256,123.9669396,96.82651861
37063001100,37,63,1100,1.215723762,-0.065220019,130.3930941,98.36949953
37063001301,37,63,1301,1.285048079,0.29292226,132.126202,107.3230565
37063001303,37,63,1303,1.02393781,0.333385979,125.5984453,108.3346495
37063001304,37,63,1304,1.054430721,0.135321519,126.360768,103.383038
37063001400,37,63,1400,0.959408489,-0.258705941,123.9852122,93.53235147
37063001501,37,63,1501,0.942530411,0.535776651,123.5632603,113.3944163
37063001503,37,63,1503,1.241443138,0.703381872,131.0360784,117.5845468
37063001504,37,63,1504,0.816494833,-0.138888321,120.4123708,96.52779198
37063001505,37,63,1505,1.063805335,-0.234589136,126.5951334,94.13527161
37063001601,37,63,1601,-0.845678334,-1.331010972,78.85804165,66.7247257
37063001604,37,63,1604,-1.011179144,-1.503147737,74.72052139,62.42130659
37063001705,37,63,1705,0.877446933,0.060586159,121.9361733,101.514654
37063001706,37,63,1706,0.264882366,-0.411701895,106.6220591,89.70745262
37063001708,37,63,1708,0.137590101,-0.719566612,103.4397525,82.01083469
37063001710,37,63,1710,0.858458249,-0.064824626,121.4614562,98.37938434
37063001711,37,63,1711,0.874368574,0.004770043,121.8592144,100.1192511
37063001712,37,63,1712,-0.250257158,-0.783374577,93.74357105,80.41563559
37063001713,37,63,1713,0.333499216,-0.369352993,108.3374804,90.76617517
37063001802,37,63,1802,0.552502133,-0.619424514,113.8125533,84.51438715
37063001809,37,63,1809,0.368104292,-0.65773659,109.2026073,83.55658526
37063001810,37,63,1810,0.370165637,-0.838979675,109.2541409,79.02550813
37063001811,37,63,1811,-0.20420833,-1.107339876,94.89479176,72.31650309
37063002007,37,63,2007,0.806125377,-0.403693515,120.1531344,89.90766213
37063002008,37,63,2008,0.27168085,-0.340755094,106.7920212,91.48112265
37063002009,37,63,2009,0.673795662,-0.49501877,116.8448916,87.62453075
37063002013,37,63,2013,0.370931988,-0.347981294,109.2732997,91.30046765
37063002015,37,63,2015,1.075290721,0.046256614,126.882268,101.1564154
37063002021,37,63,2021,0.170714046,-0.635270974,104.2678512,84.11822564
37063002022,37,63,2022,0.510034285,-0.564968395,112.7508571,85.87579013
37063002023,37,63,2023,0.141525556,-0.812868045,103.5381389,79.67829887
37063002024,37,63,2024,0.226619668,-0.659281421,105.6654917,83.51796448
37063002025,37,63,2025,0.074495782,-0.767512337,101.8623945,80.81219157
37063002026,37,63,2026,0.314541978,-0.52006368,107.8635495,86.99840801
37063002029,37,63,2029,0.26435382,-0.389834633,106.6088455,90.25413419
37063002031,37,63,2031,0.999845147,0.21290149,124.9961287,105.3225373
37063002032,37,63,2032,0.529163199,-0.310680148,113.22908,92.2329963
37063002033,37,63,2033,-0.172983581,-0.815507659,95.67541048,79.61230852
37063002034,37,63,2034,-0.069746309,-0.837072344,98.25634226,79.0731914
37063002035,37,63,2035,-0.040442305,-0.897436569,98.98894238,77.56408577
37063002200,37,63,2200,1.291266971,0.07152491,132.2816743,101.7881227
37063002300,37,63,2300,1.247658101,0.087146003,131.1914525,102.1786501
37065020300,37,65,20300,-0.37003467,0.604646982,90.74913326,115.1161745
37065020400,37,65,20400,-0.188415276,0.596351084,95.28961811,114.9087771
37065021000,37,65,21000,-0.147165354,2.055231579,96.32086616,151.3807895
37067000100,37,67,100,1.513794032,0.551784128,137.8448508,113.7946032
37067000200,37,67,200,1.343469892,0.645654869,133.5867473,116.1413717
37067000301,37,67,301,1.119548692,0.264855274,127.9887173,106.6213818
37067000302,37,67,302,0.92138978,-0.516990807,123.0347445,87.07522984
37067000400,37,67,400,0.983806037,0.03954507,124.5951509,100.9886268
37067000500,37,67,500,0.918046899,-0.248590261,122.9511725,93.78524348
37067000600,37,67,600,1.062244015,-0.058330951,126.5561004,98.54172623
37067000700,37,67,700,1.350356572,0.427123895,133.7589143,110.6780974
37067000801,37,67,801,1.184849708,0.720329839,129.6212427,118.008246
37067000802,37,67,802,1.223440505,0.294095103,130.5860126,107.3523776
37067000900,37,67,900,1.271578669,0.626354238,131.7894667,115.658856
37067001000,37,67,1000,1.054117821,0.254261259,126.3529455,106.3565315
37067001100,37,67,1100,1.275218002,0.657769929,131.8804501,116.4442482
37067001200,37,67,1200,0.918236025,0.196879252,122.9559006,104.9219813
37067001300,37,67,1300,0.742820198,0.290899003,118.570505,107.2724751
37067001400,37,67,1400,0.83113143,-0.341816175,120.7782858,91.45459562
37067001500,37,67,1500,0.542153348,-0.658965383,113.5538337,83.52586542
37067001601,37,67,1601,0.657555676,-0.813528106,116.4388919,79.66179735
37067001602,37,67,1602,0.660695496,-0.506569516,116.5173874,87.3357621
37067001700,37,67,1700,0.380674119,-0.380516799,109.516853,90.48708002
37067001800,37,67,1800,0.832715293,-0.166849624,120.8178823,95.8287594
37067001901,37,67,1901,1.066320973,-0.335241855,126.6580243,91.61895364
37067001902,37,67,1902,1.20401092,0.533181987,130.100273,113.3295497
37067002001,37,67,2001,0.933474912,-0.000118527,123.3368728,99.99703682
37067002002,37,67,2002,0.915310208,-0.206095038,122.8827552,94.84762405
37067002100,37,67,2100,1.103969708,0.5757287,127.5992427,114.3932175
37067002200,37,67,2200,1.054827852,0.243888932,126.3706963,106.0972233
37067002501,37,67,2501,0.890041561,0.426729694,122.251039,110.6682424
37067002502,37,67,2502,0.414296468,0.184135905,110.3574117,104.6033976
37067002601,37,67,2601,0.390542027,0.138677148,109.7635507,103.4669287
37067002604,37,67,2604,-0.113327225,-0.635405431,97.16681937,84.11486422
37067002605,37,67,2605,0.120264856,-0.433926342,103.0066214,89.15184146
37067002606,37,67,2606,0.432719094,0.000829183,110.8179774,100.0207296
37067002701,37,67,2701,0.37261364,-0.228844613,109.315341,94.27888468
37067002702,37,67,2702,0.690797554,-0.255633781,117.2699389,93.60915549
37067002704,37,67,2704,0.853870943,-0.192007696,121.3467736,95.1998076
37067002705,37,67,2705,0.821848029,0.164252302,120.5462007,104.1063075
37067002804,37,67,2804,-0.255860424,-0.539683568,93.60348939,86.5079108
37067002806,37,67,2806,0.475431486,-0.389451884,111.8857872,90.26370291
37067002903,37,67,2903,0.012654682,-0.934586572,100.316367,76.6353357
37067003002,37,67,3002,-0.576976009,-1.04268216,85.57559978,73.932946
37067003004,37,67,3004,-0.484017254,-0.933243131,87.89956866,76.66892172
37067003105,37,67,3105,-0.892875678,-1.283037704,77.67810805,67.92405739
37067003108,37,67,3108,-0.618390663,-1.021170841,84.54023342,74.47072898
37067003201,37,67,3201,0.43472042,-0.159505328,110.8680105,96.0123668
37067003202,37,67,3202,0.543406925,0.338090302,113.5851731,108.4522576
37067003307,37,67,3307,0.460528109,-0.243600253,111.5132027,93.90999368
37067003308,37,67,3308,-0.776807661,-1.435228982,80.57980847,64.11927544
37067003309,37,67,3309,-0.013831571,-1.000821601,99.65421071,74.97945998
37067003310,37,67,3310,-0.67636928,-1.369282813,83.090768,65.76792968
37067003311,37,67,3311,-0.771991443,-1.269969707,80.70021392,68.25075732
37067003314,37,67,3314,-0.895135288,-0.7789513,77.62161781,80.52621751
37067003315,37,67,3315,0.475367345,-0.170029786,111.8841836,95.74925535
37067003402,37,67,3402,-0.888740268,-1.507846096,77.78149331,62.30384759
37067003403,37,67,3403,-0.002450567,-1.043825734,99.93873584,73.90435664
37067003404,37,67,3404,0.395511664,-0.668970252,109.8877916,83.2757437
37067003500,37,67,3500,-0.024989472,-1.009500177,99.3752632,74.76249558
37067003600,37,67,3600,-0.006777154,-0.630400208,99.83057114,84.2399948
37067003701,37,67,3701,0.683855771,-0.279221253,117.0963943,93.01946867
37067003702,37,67,3702,0.619057935,-0.39795039,115.4764484,90.05124025
37067003703,37,67,3703,-0.04687741,-0.902627485,98.82806475,77.43431288
37067003804,37,67,3804,0.300235211,-0.53716267,107.5058803,86.57093326
37067003805,37,67,3805,0.622981241,-0.218644336,115.574531,94.53389159
37067003806,37,67,3806,-0.180767395,-0.852102524,95.48081512,78.6974369
37067003903,37,67,3903,0.512009872,-0.195547575,112.8002468,95.11131063
37067003904,37,67,3904,0.082126435,-0.465425674,102.0531609,88.36435814
37067003905,37,67,3905,0.729905946,-0.108499644,118.2476487,97.2875089
37067003906,37,67,3906,0.462200758,-0.247871875,111.555019,93.80320312
37067003908,37,67,3908,0.000896607,-0.786075395,100.0224152,80.34811514
37067003909,37,67,3909,0.009050541,-0.846660416,100.2262635,78.8334896
37067004005,37,67,4005,0.170539442,-0.408427974,104.2634861,89.78930064
37067004010,37,67,4010,-0.630972572,-1.114084455,84.2256857,72.14788862
37067004011,37,67,4011,0.240559347,-0.428384741,106.0139837,89.29038149
37067004012,37,67,4012,-0.000985415,-0.444519325,99.97536461,88.88701687
37067004013,37,67,4013,0.46095307,-0.067930789,111.5238268,98.30173027
37067004014,37,67,4014,0.298141827,-0.292852499,107.4535457,92.67868753
37067004015,37,67,4015,-0.433201755,-1.015634979,89.16995613,74.60912552
37067004103,37,67,4103,-1.287878104,-1.39800125,67.80304741,65.04996876
37071030105,37,71,30105,0.1346822,-0.610066047,103.367055,84.74834882
37071030106,37,71,30106,-0.305704352,-0.844895804,92.35739119,78.87760489
37071030401,37,71,30401,-2.187777609,-1.44088998,45.30555977,63.97775049
37071030404,37,71,30404,-0.208209983,-0.421754323,94.79475043,89.45614193
37071030901,37,71,30901,0.532412149,0.068789654,113.3103037,101.7197413
37071030902,37,71,30902,0.209181894,0.17748384,105.2295474,104.437096
37071031001,37,71,31001,-0.116780702,-0.357690853,97.08048246,91.05772868
37071031004,37,71,31004,0.163492959,-0.372138123,104.087324,90.69654693
37071031005,37,71,31005,-0.04514225,-0.752103164,98.87144374,81.1974209
37071031006,37,71,31006,-0.411875013,-0.902318765,89.70312468,77.44203088
37071031102,37,71,31102,1.12849913,0.277534122,128.2124783,106.938353
37071031202,37,71,31202,0.531413101,0.034290143,113.2853275,100.8572536
37071031203,37,71,31203,0.724317461,-0.151117658,118.1079365,96.22205855
37071031204,37,71,31204,0.676219322,-0.145837649,116.9054831,96.35405878
37071031301,37,71,31301,0.015759884,-0.074953599,100.3939971,98.12616002
37071031303,37,71,31303,0.555757806,0.479305101,113.8939452,111.9826275
37071031304,37,71,31304,0.418491289,0.072441213,110.4622822,101.8110303
37071031401,37,71,31401,0.491946971,0.269968665,112.2986743,106.7492166
37071031402,37,71,31402,0.484179605,0.368711143,112.1044901,109.2177786
37071031800,37,71,31800,0.232376364,0.290411191,105.8094091,107.2602798
37071031901,37,71,31901,0.849940749,0.771017724,121.2485187,119.2754431
37071032000,37,71,32000,0.757247921,0.255240038,118.931198,106.381001
37071032100,37,71,32100,0.838760195,0.498597005,120.9690049,112.4649251
37071032201,37,71,32201,0.097995702,0.091388583,102.4498925,102.2847146
37071032202,37,71,32202,-0.033950767,-0.265802305,99.15123083,93.35494238
37071032301,37,71,32301,0.31156101,-0.17052192,107.7890253,95.73695199
37071032302,37,71,32302,0.774159449,0.051099198,119.3539862,101.27748
37071032403,37,71,32403,-0.306854258,-0.632869734,92.32864354,84.17825666
37071032404,37,71,32404,0.407713558,-0.247841944,110.192839,93.80395141
37071032405,37,71,32405,-0.732877894,-0.891701933,81.67805265,77.70745168
37071032406,37,71,32406,-2.085374572,-1.928192298,47.8656357,51.79519254
37071032505,37,71,32505,0.63771737,0.450669249,115.9429343,111.2667312
37071032506,37,71,32506,0.122498403,-0.008570056,103.0624601,99.78574861
37071032507,37,71,32507,-0.165578823,-0.289856942,95.86052943,92.75357645
37071032508,37,71,32508,-0.160050096,-0.455572644,95.9987476,88.61068391
37071032509,37,71,32509,-0.90599736,-0.855813956,77.350066,78.60465109
37071032600,37,71,32600,0.571433456,0.216309963,114.2858364,105.4077491
37071032702,37,71,32702,0.271299346,0.082395513,106.7824837,102.0598878
37071032703,37,71,32703,0.72428224,0.534380405,118.107056,113.3595101
37071032704,37,71,32704,0.474014067,0.40929057,111.8503517,110.2322642
37071032801,37,71,32801,0.723685302,0.661801379,118.0921326,116.5450345
37071032802,37,71,32802,0.265185757,-0.059532903,106.6296439,98.51167743
37071032900,37,71,32900,0.551529678,0.310943201,113.7882419,107.77358
37071033100,37,71,33100,0.16111824,-0.161588352,104.027956,95.9602912
37071033202,37,71,33202,-0.20017944,-0.436171146,94.995514,89.09572134
37071033203,37,71,33203,0.211779756,0.039154615,105.2944939,100.9788654
37071033204,37,71,33204,-0.359443608,-0.111187718,91.01390981,97.22030704
37071033303,37,71,33303,0.152000158,-0.025929264,103.800004,99.35176839
37071033310,37,71,33310,-0.644475958,-0.937447332,83.88810106,76.5638167
37071033312,37,71,33312,-0.001474063,-0.196327047,99.96314842,95.09182383
37071033313,37,71,33313,0.388284402,0.107584505,109.70711,102.6896126
37071033502,37,71,33502,-0.514715308,-0.830128732,87.13211731,79.2467817
37077970400,37,77,970400,0.928142073,0.533341683,123.2035518,113.3335421
37077970606,37,77,970606,-0.430269534,-0.430669264,89.24326166,89.2332684
37077970702,37,77,970702,-0.656821515,-0.333411474,83.57946213,91.66471316
37077970703,37,77,970703,-2.153044598,-2.115540632,46.17388504,47.11148419
37081010100,37,81,10100,0.968562105,-0.212471805,124.2140526,94.68820487
37081010200,37,81,10200,0.887394252,-0.152616887,122.1848563,96.18457784
37081010300,37,81,10300,1.169325868,0.049356993,129.2331467,101.2339248
37081010401,37,81,10401,1.272934977,0.504462949,131.8233744,112.6115737
37081010403,37,81,10403,1.141767723,0.468108475,128.5441931,111.7027119
37081010404,37,81,10404,0.712890047,0.23689166,117.8222512,105.9222915
37081010500,37,81,10500,1.129516314,0.310549773,128.2379079,107.7637443
37081010601,37,81,10601,0.890490335,0.095396327,122.2622584,102.3849082
37081010602,37,81,10602,1.197852941,0.250917145,129.9463235,106.2729286
37081010701,37,81,10701,1.203414079,0.190709111,130.085352,104.7677278
37081010702,37,81,10702,1.314667976,0.571454104,132.8666994,114.2863526
37081010800,37,81,10800,1.347099957,0.466073725,133.6774989,111.6518431
37081010900,37,81,10900,1.356699639,0.49241418,133.917491,112.3103545
37081011000,37,81,11000,1.103569261,0.455330996,127.5892315,111.3832749
37081011101,37,81,11101,1.1054323,-0.158120179,127.6358075,96.04699552
37081011102,37,81,11102,0.890556219,-0.249490847,122.2639055,93.76272883
37081011201,37,81,11201,1.245708528,0.171912646,131.1427132,104.2978162
37081011202,37,81,11202,1.258859924,-0.272637122,131.4714981,93.18407195
37081011300,37,81,11300,1.115800734,-0.341807386,127.8950184,91.45481536
37081011400,37,81,11400,1.037962791,-0.104446417,125.9490698,97.38883957
37081011500,37,81,11500,1.151050279,0.440430434,128.776257,111.0107609
37081011601,37,81,11601,1.212843264,0.299672565,130.3210816,107.4918141
37081011602,37,81,11602,0.95119629,-0.402762026,123.7799073,89.93094935
37081011904,37,81,11904,0.401522085,-0.485243276,110.0380521,87.86891809
37081011905,37,81,11905,0.476602362,-0.199960169,111.9150591,95.00099578
37081012503,37,81,12503,0.829728811,0.06215824,120.7432203,101.553956
37081012504,37,81,12504,0.932911794,0.00616432,123.3227949,100.154108
37081012505,37,81,12505,0.82458388,0.096219214,120.614597,102.4054803
37081012508,37,81,12508,0.943164925,-0.060554598,123.5791231,98.48613504
37081012509,37,81,12509,0.568327083,0.041328291,114.2081771,101.0332073
37081012510,37,81,12510,0.348149372,-0.48379136,108.7037343,87.905216
37081012511,37,81,12511,0.148895694,-0.582621806,103.7223923,85.43445484
37081012604,37,81,12604,1.171725095,-0.061640195,129.2931274,98.45899512
37081012607,37,81,12607,0.630053916,-0.536147688,115.7513479,86.59630781
37081012608,37,81,12608,0.884163408,-0.265734313,122.1040852,93.35664217
37081012610,37,81,12610,0.63428573,-0.218515206,115.8571432,94.53711985
37081012611,37,81,12611,0.69549345,-0.339044959,117.3873362,91.52387602
37081012612,37,81,12612,0.593644894,-0.393669984,114.8411224,90.15825039
37081012617,37,81,12617,0.842186781,-0.143541296,121.0546695,96.41146759
37081012618,37,81,12618,0.729219177,-0.492683184,118.2304794,87.68292041
37081012619,37,81,12619,1.021155583,0.121091183,125.5288896,103.0272796
37081012620,37,81,12620,0.727044292,-0.344739874,118.1761073,91.38150315
37081012621,37,81,12621,0.741484727,0.015652512,118.5371182,100.3913128
37081012703,37,81,12703,0.563598419,-0.371533285,114.0899605,90.71166788
37081012704,37,81,12704,0.685701764,-0.465302617,117.1425441,88.36743459
37081012705,37,81,12705,0.951722582,-0.276893629,123.7930646,93.07765929
37081012706,37,81,12706,0.975549058,-0.441172469,124.3887264,88.97068828
37081012707,37,81,12707,1.057619569,-0.164804994,126.4404892,95.87987516
37081012804,37,81,12804,0.865238307,-0.4819973,121.6309577,87.95006751
37081012805,37,81,12805,0.886681665,-0.449803572,122.1670416,88.75491071
37081013601,37,81,13601,0.94159838,0.310562552,123.5399595,107.7640638
37081013602,37,81,13602,1.073515028,0.515911726,126.8378757,112.8977931
37081013700,37,81,13700,0.93318622,0.217913093,123.3296555,105.4478273
37081013800,37,81,13800,0.786496647,-0.269097171,119.6624162,93.27257072
37081013900,37,81,13900,0.764316495,-0.115205708,119.1079124,97.1198573
37081014000,37,81,14000,0.996296202,-0.001950369,124.9074051,99.95124078
37081014200,37,81,14200,0.749701784,0.324290743,118.7425446,108.1072686
37081014300,37,81,14300,0.93804043,0.209236411,123.4510107,105.2309103
37081014407,37,81,14407,0.873805199,0.289500107,121.84513,107.2375027
37081014408,37,81,14408,0.578856087,0.065177453,114.4714022,101.6294363
37081014409,37,81,14409,0.671901184,0.144987146,116.7975296,103.6246787
37081014410,37,81,14410,0.590571485,-0.280717832,114.7642871,92.98205421
37081014411,37,81,14411,0.681383014,-0.056207889,117.0345754,98.59480278
37081014412,37,81,14412,0.474021873,-0.467193502,111.8505468,88.32016244
37081014501,37,81,14501,0.671950778,0.138266685,116.7987695,103.4566671
37081014502,37,81,14502,0.549373931,-0.195526284,113.7343483,95.1118429
37081014503,37,81,14503,0.300592943,-0.341199271,107.5148236,91.47001822
37081015703,37,81,15703,0.132492702,-0.549093361,103.3123176,86.27266597
37081015704,37,81,15704,-0.57867722,-1.103427398,85.5330695,72.41431506
37081015705,37,81,15705,0.399441258,-0.296641345,109.9860314,92.58396638
37081015706,37,81,15706,-1.212048549,-1.746106891,69.69878627,56.34732772
37081015707,37,81,15707,0.004698463,-0.687149533,100.1174616,82.82126168
37081015800,37,81,15800,-2.09924081,-1.9070063,47.51897974,52.3248425
37081016003,37,81,16003,-1.658603821,-1.763401007,58.53490447,55.91497482
37081016005,37,81,16005,-0.885924562,-1.067891304,77.85188596,73.30271739
37081016006,37,81,16006,-0.086784736,-0.666575527,97.83038159,83.33561182
37081016007,37,81,16007,0.471364306,-0.387195735,111.7841077,90.32010663
37081016008,37,81,16008,-0.405594145,-0.974941857,89.86014638,75.62645357
37081016009,37,81,16009,0.343484831,-0.491970702,108.5871208,87.70073244
37081016010,37,81,16010,0.205656124,-0.299783043,105.1414031,92.50542394
37081016011,37,81,16011,0.608511787,-0.011673875,115.2127947,99.70815311
37081016101,37,81,16101,0.691660785,-0.354564459,117.2915196,91.13588853
37081016102,37,81,16102,0.709285497,-0.213490763,117.7321374,94.66273093
37081016103,37,81,16103,0.966892353,0.06249439,124.1723088,101.5623598
37081016205,37,81,16205,0.091686403,-0.59651574,102.2921601,85.0871065
37081016303,37,81,16303,-0.242623684,-0.524719622,93.93440789,86.88200946
37081016305,37,81,16305,0.000431722,-0.831607024,100.0107931,79.2098244
37081016306,37,81,16306,-0.110093046,-0.963596233,97.24767384,75.91009418
37081016405,37,81,16405,0.233650895,-0.569101306,105.8412724,85.77246734
37081016406,37,81,16406,0.552796699,-0.03586192,113.8199175,99.10345199
37081016407,37,81,16407,0.193508872,-0.547735639,104.8377218,86.30660903
37081016408,37,81,16408,-0.395180345,-1.215551983,90.12049139,69.61120041
37081016409,37,81,16409,0.248910713,-0.557155816,106.2227678,86.07110461
37081016410,37,81,16410,-0.063506732,-0.611904865,98.41233171,84.70237839
37081016502,37,81,16502,-0.004985978,-0.856109484,99.87535055,78.5972629
37081016503,37,81,16503,0.807452491,-0.323663145,120.1863123,91.90842137
37081016505,37,81,16505,0.123757069,-0.538710612,103.0939267,86.53223471
37081017101,37,81,17101,-1.463646896,-1.448558667,63.40882759,63.78603334
37081017102,37,81,17102,-0.548785611,-0.88571458,86.28035974,77.8571355
37083930200,37,83,930200,-1.268409742,1.835703814,68.28975645,145.8925953
37083930300,37,83,930300,-1.275903168,1.741276331,68.1024208,143.5319083
37083930400,37,83,930400,-0.885800786,2.197760252,77.85498034,154.9440063
37083930501,37,83,930501,-1.764866226,1.217525167,55.87834435,130.4381292
37085070802,37,85,70802,-1.79569088,-0.354870416,55.10772801,91.1282396
37085070901,37,85,70901,-1.783136049,-1.014226733,55.42159878,74.64433169
37085071202,37,85,71202,-1.591319449,-0.969672703,60.21701376,75.75818242
37085071303,37,85,71303,-3.386919541,-2.049474862,15.32701147,48.76312846
37087920502,37,87,920502,-1.242815366,-0.602998137,68.92961585,84.92504658
37087920602,37,87,920602,0.009994099,0.784506543,100.2498525,119.6126636
37087920900,37,87,920900,0.21175618,0.736048871,105.2939045,118.4012218
37087921201,37,87,921201,0.081367411,0.453004152,102.0341853,111.3251038
37089930302,37,89,930302,-0.910558225,-0.856562562,77.23604437,78.58593596
37089930402,37,89,930402,-1.589054158,-1.18464943,60.27364605,70.38376424
37089930501,37,89,930501,0.175946467,-0.306901841,104.3986617,92.32745397
37089930600,37,89,930600,0.579232265,-0.141349352,114.4808066,96.4662662
37089930800,37,89,930800,-0.127221678,-0.563398859,96.81945804,85.91502852
37089930900,37,89,930900,0.6283695,0.093553936,115.7092375,102.3388484
37089931000,37,89,931000,0.931386691,0.350535378,123.2846673,108.7633845
37089931100,37,89,931100,1.094224387,0.620294536,127.3556097,115.5073634
37089931200,37,89,931200,1.173642204,0.84030875,129.3410551,121.0077187
37089931300,37,89,931300,0.926426833,0.39082343,123.1606708,109.7705857
37089931402,37,89,931402,0.644879314,0.422949835,116.1219828,110.5737459
37089931700,37,89,931700,-0.051858043,-0.393040642,98.70354893,90.17398395
37089931801,37,89,931801,-1.223158168,-1.421429446,69.42104581,64.46426385
37089931802,37,89,931802,-1.061595812,-1.320826605,73.4601047,66.97933487
37093970105,37,93,970105,-0.36063228,-0.360295963,90.984193,90.99260092
37093970107,37,93,970107,-1.461457665,-0.937683593,63.46355837,76.55791018
37093970300,37,93,970300,0.449436046,1.198036741,111.2359012,129.9509185
37097060100,37,97,60100,1.147150657,1.120130891,128.6787664,128.0032723
37097060200,37,97,60200,0.204520265,0.710284962,105.1130066,117.7571241
37097060300,37,97,60300,0.337912784,0.566477259,108.4478196,114.1619315
37097060400,37,97,60400,0.292195351,0.327103791,107.3048838,108.1775948
37097060500,37,97,60500,0.895950123,1.031056481,122.3987531,125.776412
37097060601,37,97,60601,0.502375322,0.270928369,112.5593831,106.7732092
37097061003,37,97,61003,-0.325634137,0.060439624,91.85914658,101.5109906
37097061203,37,97,61203,-1.362737126,-1.554599045,65.93157185,61.13502387
37097061204,37,97,61204,-1.872193483,-1.621036112,53.19516293,59.4740972
37097061304,37,97,61304,-0.413321167,-0.228274845,89.66697083,94.29312886
37097061402,37,97,61402,-0.891726892,-0.766864543,77.70682771,80.82838642
37097061403,37,97,61403,0.54384905,0.087271007,113.5962263,102.1817752
37097061404,37,97,61404,-0.025566312,-0.047676577,99.36084219,98.80808558
37097061405,37,97,61405,-0.780428676,-0.868365891,80.48928311,78.29085273
37097061406,37,97,61406,-3.198186174,-2.882660773,20.04534565,27.93348068
37097061407,37,97,61407,-0.174799181,-0.447211328,95.63002048,88.81971679
37097061501,37,97,61501,0.241735848,-0.262955778,106.0433962,93.42610556
37097061601,37,97,61601,0.752000425,0.603244922,118.8000106,115.0811231
37097061603,37,97,61603,0.623565518,0.237122035,115.589138,105.9280509
37097061604,37,97,61604,0.053469582,-0.635219825,101.3367396,84.11950438
37097061605,37,97,61605,0.161471722,-0.515358121,104.0367931,87.11604697
37101040207,37,101,40207,-2.056152833,-1.431717187,48.59617918,64.20707031
37101040208,37,101,40208,-3.145166438,-2.386459232,21.37083906,40.3385192
37101040210,37,101,40210,-1.336002694,-1.320149812,66.59993266,66.9962547
37101040303,37,101,40303,0.034382707,1.259646316,100.8595677,131.4911579
37101040700,37,101,40700,0.131053294,1.269086422,103.2763323,131.7271605
37101040800,37,101,40800,-0.006318647,1.272969804,99.84203383,131.8242451
37101040906,37,101,40906,-1.376236568,-0.786966628,65.59408581,80.32583431
37101041003,37,101,41003,0.112953804,-0.32994681,102.8238451,91.75132975
37101041004,37,101,41004,0.304612206,0.091811359,107.6153051,102.295284
37101041108,37,101,41108,-1.266683468,-0.923212965,68.33291331,76.91967587
37101041109,37,101,41109,-1.088905869,-1.37225502,72.77735328,65.69362449
37101041110,37,101,41110,-0.469637996,-0.795603728,88.2590501,80.1099068
37101041112,37,101,41112,-1.303448097,-1.24126369,67.41379757,68.96840776
37101041113,37,101,41113,-2.472345777,-1.827405235,38.19135558,54.31486913
37101041402,37,101,41402,-0.36492861,0.547440253,90.87678476,113.6860063
37101041507,37,101,41507,-3.916015654,-3.02728456,2.09960866,24.31788599
37105030101,37,105,30101,0.715173341,0.578482544,117.8793335,114.4620636
37105030102,37,105,30102,0.538333886,0.626048771,113.4583472,115.6512193
37105030200,37,105,30200,0.998626291,0.954682554,124.9656573,123.8670639
37105030300,37,105,30300,0.797136773,1.133375325,119.9284193,128.3343831
37105030402,37,105,30402,0.311396207,0.67614181,107.7849052,116.9035452
37107010300,37,107,10300,-0.10990476,1.788723028,97.252381,144.7180757
37107010400,37,107,10400,0.164071891,2.33689512,104.1017973,158.422378
37107010500,37,107,10500,-0.085035244,2.006561084,97.8741189,150.1640271
37107010600,37,107,10600,0.20302162,1.916217579,105.0755405,147.9054395
37107010700,37,107,10700,0.295507433,2.140550285,107.3876858,153.5137571
37107010800,37,107,10800,-0.275902684,1.622447859,93.10243289,140.5611965
37107011002,37,107,11002,-3.681120287,-1.504556212,7.971992824,62.3860947
37107011100,37,107,11100,-1.162367308,1.031723441,70.94081729,125.793086
37109070100,37,109,70100,0.570740243,0.581211494,114.2685061,114.5302874
37109070201,37,109,70201,0.197014858,0.423695572,104.9253715,110.5923893
37109070202,37,109,70202,-0.773635664,-0.131445783,80.65910841,96.71385542
37109071102,37,109,71102,-0.907153777,-0.740403407,77.32115558,81.48991484
37109071201,37,109,71201,-1.633946105,-1.741668737,59.15134737,56.45828158
37109071202,37,109,71202,-1.153657663,-1.129669769,71.15855844,71.75825578
37109071203,37,109,71203,-1.920609379,-1.6573635,51.98476552,58.56591251
37111970300,37,111,970300,-0.443337171,0.466398026,88.91657072,111.6599507
37111970400,37,111,970400,-0.142227523,0.917738869,96.44431192,122.9434717
37113970303,37,113,970303,-1.364950676,1.218416348,65.8762331,130.4604087
37113970304,37,113,970304,0.113207546,2.471054695,102.8301886,161.7763674
37119000101,37,119,101,1.312262052,0.697270999,132.8065513,117.431775
37119000102,37,119,102,1.334188967,0.832117271,133.3547242,120.8029318
37119000103,37,119,103,1.368712211,0.341471845,134.2178053,108.5367961
37119000104,37,119,104,1.245260877,0.508801987,131.1315219,112.7200497
37119000301,37,119,301,1.235398083,0.219398877,130.8849521,105.4849719
37119000302,37,119,302,1.171887601,-0.216185275,129.29719,94.59536813
37119000401,37,119,401,1.218355388,0.041954626,130.4588847,101.0488657
37119000402,37,119,402,1.021636238,0.131665724,125.5409059,103.2916431
37119000501,37,119,501,1.130656382,0.309419998,128.2664095,107.7355
37119000502,37,119,502,1.286076546,0.445815611,132.1519137,111.1453903
37119000503,37,119,503,1.178894168,-0.008922775,129.4723542,99.77693063
37119000600,37,119,600,1.178177472,0.209161188,129.4544368,105.2290297
37119000700,37,119,700,1.040342331,-0.019065245,126.0085583,99.52336887
37119000900,37,119,900,1.133157335,-0.179890773,128.3289334,95.50273067
37119001000,37,119,1000,1.063607292,-0.183622552,126.5901823,95.4094362
37119001100,37,119,1100,1.085357476,0.135826484,127.1339369,103.3956621
37119001200,37,119,1200,0.75041786,-0.393528971,118.7604465,90.16177572
37119001300,37,119,1300,0.653534981,-0.488920376,116.3383745,87.77699061
37119001400,37,119,1400,0.834945595,-0.303673791,120.8736399,92.40815523
37119001504,37,119,1504,0.722009039,-0.559586435,118.050226,86.01033914
37119001505,37,119,1505,0.498608868,-0.744611303,112.4652217,81.38471742
37119001507,37,119,1507,0.636484065,-0.604487793,115.9121016,84.88780519
37119001508,37,119,1508,0.466083881,-0.664421011,111.652097,83.38947472
37119001509,37,119,1509,0.793742757,-0.516430738,119.8435689,87.08923156
37119001510,37,119,1510,0.772235175,-0.353978831,119.3058794,91.15052923
37119001603,37,119,1603,0.565951981,-0.470358515,114.1487995,88.24103713
37119001605,37,119,1605,0.792967039,-0.551730752,119.824176,86.2067312
37119001606,37,119,1606,0.61308227,-0.504712569,115.3270567,87.38218578
37119001607,37,119,1607,0.617218494,-0.297079931,115.4304623,92.57300172
37119001608,37,119,1608,0.620967258,-0.587516989,115.5241814,85.31207527
37119001609,37,119,1609,0.398784723,-0.586868629,109.9696181,85.32828429
37119001701,37,119,1701,0.958929764,-0.054187656,123.9732441,98.64530861
37119001702,37,119,1702,0.734616781,-0.608272622,118.3654195,84.79318444
37119001801,37,119,1801,1.01076479,0.194295582,125.2691198,104.8573896
37119001802,37,119,1802,0.890990525,-0.317784886,122.2747631,92.05537784
37119001910,37,119,1910,0.555992612,-0.62926434,113.8998153,84.26839151
37119001911,37,119,1911,0.303572909,-0.777140863,107.5893227,80.57147844
37119001914,37,119,1914,0.821417604,-0.501077546,120.5354401,87.47306135
37119001916,37,119,1916,0.2572873,-0.737285248,106.4321825,81.5678688
37119001917,37,119,1917,0.109421542,-0.642433774,102.7355386,83.93915564
37119001918,37,119,1918,0.862866385,-0.363677787,121.5716596,90.90805533
37119001919,37,119,1919,0.818526802,-0.429238258,120.4631701,89.26904356
37119001920,37,119,1920,0.596221789,-0.61762617,114.9055447,84.55934574
37119001921,37,119,1921,0.512385142,-0.673357304,112.8096285,83.16606741
37119001922,37,119,1922,0.412362455,-0.40251621,110.3090614,89.93709476
37119001923,37,119,1923,0.569530187,-0.548595056,114.2382547,86.2851236
37119001924,37,119,1924,0.535448367,-0.644294519,113.3862092,83.89263703
37119001925,37,119,1925,0.525914728,-0.548937166,113.1478682,86.27657085
37119001926,37,119,1926,0.768515924,-0.259440443,119.2128981,93.51398893
37119001927,37,119,1927,0.787843025,-0.04913284,119.6960756,98.771679
37119002004,37,119,2004,0.057153915,-0.655429466,101.4288479,83.61426336
37119002005,37,119,2005,0.58695806,-0.469148783,114.6739515,88.27128042
37119002006,37,119,2006,0.314533392,-0.648251221,107.8633348,83.79371947
37119002007,37,119,2007,0.440335282,-0.534806196,111.0083821,86.6298451
37119002008,37,119,2008,-0.071062359,-0.758536064,98.22344104,81.03659841
37119002100,37,119,2100,0.675573089,-0.343776881,116.8893272,91.40557797
37119002201,37,119,2201,0.833251878,-0.012219339,120.831297,99.69451652
37119002202,37,119,2202,0.629980763,-0.374517882,115.7495191,90.63705295
37119002300,37,119,2300,0.91724021,-0.172498799,122.9310052,95.68753002
37119002400,37,119,2400,1.224707508,0.03508792,130.6176877,100.877198
37119002500,37,119,2500,1.244812626,0.155255412,131.1203156,103.8813853
37119002600,37,119,2600,1.338213457,0.431935126,133.4553364,110.7983781
37119002701,37,119,2701,1.202482618,0.647394658,130.0620654,116.1848665
37119002702,37,119,2702,0.738824044,0.290356905,118.4706011,107.2589226
37119002800,37,119,2800,1.070116037,0.399233834,126.7529009,109.9808458
37119002903,37,119,2903,0.658517515,-0.208321649,116.4629379,94.79195877
37119002905,37,119,2905,0.446782279,-0.282054678,111.169557,92.94863305
37119002907,37,119,2907,0.255366381,-0.489951946,106.3841595,87.75120136
37119002908,37,119,2908,0.098853923,-0.404173778,102.4713481,89.89565555
37119002909,37,119,2909,0.845891866,-0.039038604,121.1472967,99.02403489
37119002910,37,119,2910,0.724669431,-0.179040826,118.1167358,95.52397935
37119003006,37,119,3006,0.559324946,-0.237092755,113.9831237,94.07268112
37119003008,37,119,3008,0.490870852,-0.250979524,112.2717713,93.72551191
37119003012,37,119,3012,0.412600667,-0.346520356,110.3150167,91.33699109
37119003013,37,119,3013,0.261647939,-0.414022136,106.5411985,89.6494466
37119003015,37,119,3015,-0.022963287,-0.755853104,99.42591783,81.10367241
37119003016,37,119,3016,0.211387871,-0.504679952,105.2846968,87.38300119
37119003017,37,119,3017,0.405378282,-0.366473892,110.1344571,90.8381527
37119003018,37,119,3018,0.650583515,-0.104818161,116.2645879,97.37954596
37119003019,37,119,3019,0.388834808,-0.468497682,109.7208702,88.28755796
37119003020,37,119,3020,0.324349628,-0.577324949,108.1087407,85.56687629
37119003021,37,119,3021,0.276595091,-0.382684375,106.9148773,90.43289062
37119003022,37,119,3022,0.540707043,-0.48270759,113.5176761,87.93231026
37119003102,37,119,3102,0.362934808,-0.336626004,109.0733702,91.5843499
37119003105,37,119,3105,0.378343131,-0.501381885,109.4585783,87.46545289
37119003106,37,119,3106,0.607966897,-0.482950657,115.1991724,87.92623357
37119003108,37,119,3108,0.752952719,-0.231427248,118.823818,94.21431879
37119003109,37,119,3109,0.773859327,-0.223417746,119.3464832,94.41455636
37119003110,37,119,3110,0.691060448,-0.245988993,117.2765112,93.85027518
37119003111,37,119,3111,0.716285526,-0.262304626,117.9071381,93.44238434
37119003201,37,119,3201,1.20447159,0.289534974,130.1117897,107.2383743
37119003203,37,119,3203,0.609933747,-0.429966797,115.2483437,89.25083009
37119003204,37,119,3204,0.941825025,0.041041743,123.5456256,101.0260436
37119003301,37,119,3301,1.066745077,-0.072474774,126.6686269,98.18813065
37119003302,37,119,3302,0.855989859,0.208230146,121.3997465,105.2057537
37119003401,37,119,3401,1.060029408,0.093693046,126.5007352,102.3423262
37119003402,37,119,3402,1.09386783,0.246476943,127.3466958,106.1619236
37119003500,37,119,3500,1.15884986,0.585582919,128.9712465,114.639573
37119003600,37,119,3600,0.883728908,-0.030246217,122.0932227,99.24384458
37119003701,37,119,3701,1.202190991,0.264757167,130.0547748,106.6189292
37119003702,37,119,3702,0.987142821,0.026185379,124.6785705,100.6546345
37119003802,37,119,3802,0.819058652,-0.199228432,120.4764663,95.0192892
37119003805,37,119,3805,0.166632781,-0.744344218,104.1658195,81.39139454
37119003807,37,119,3807,0.875866828,0.054928453,121.8966707,101.3732113
37119003808,37,119,3808,0.532468671,-0.497426541,113.3117168,87.56433648
37119003809,37,119,3809,0.529851612,-0.168461073,113.2462903,95.78847317
37119003810,37,119,3810,0.20573761,-0.093827271,105.1434402,97.65431823
37119003811,37,119,3811,0.460330232,-0.593802836,111.5082558,85.1549291
37119003902,37,119,3902,1.01896839,0.135530871,125.4742098,103.3882718
37119003903,37,119,3903,0.299241348,-0.159690657,107.4810337,96.00773358
37119004000,37,119,4000,0.728769753,-0.182093063,118.2192438,95.44767344
37119004101,37,119,4101,0.942940803,-0.140869996,123.5735201,96.47825009
37119004102,37,119,4102,0.915080931,0.171845184,122.8770233,104.2961296
37119004200,37,119,4200,0.809517231,-0.098815235,120.2379308,97.52961912
37119004302,37,119,4302,0.612664848,-0.319119138,115.3166212,92.02202156
37119004303,37,119,4303,0.282531918,-0.564137152,107.063298,85.89657121
37119004304,37,119,4304,0.094038185,-0.789065361,102.3509546,80.27336598
37119004306,37,119,4306,0.75572273,-0.158436931,118.8930683,96.03907673
37119004307,37,119,4307,0.345898253,-0.719425976,108.6474563,82.01435061
37119004400,37,119,4400,0.3776584,-0.834129107,109.44146,79.14677232
37119004500,37,119,4500,0.862888193,-0.212169577,121.5722048,94.69576059
37119004700,37,119,4700,0.997294147,0.09292103,124.9323537,102.3230258
37119004800,37,119,4800,0.884181324,-0.381342926,122.1045331,90.46642685
37119004900,37,119,4900,0.979374967,-0.422250068,124.4843742,89.4437483
37119005000,37,119,5000,0.981221277,-0.119121044,124.5305319,97.02197389
37119005100,37,119,5100,0.713574725,-0.607688402,117.8393681,84.80778995
37119005200,37,119,5200,1.006659435,-0.460932698,125.1664859,88.47668256
37119005301,37,119,5301,0.803164996,-0.493841989,120.0791249,87.65395027
37119005306,37,119,5306,0.976018143,-0.319318404,124.4004536,92.01703991
37119005307,37,119,5307,0.798938115,-0.517549089,119.9734529,87.06127277
37119005308,37,119,5308,0.899990091,-0.454503337,122.4997523,88.63741659
37119005403,37,119,5403,0.186122986,-0.828391724,104.6530747,79.2902069
37119005404,37,119,5404,0.57178287,-0.612385425,114.2945718,84.69036438
37119005405,37,119,5405,0.431568862,-0.580770812,110.7892216,85.48072971
37119005406,37,119,5406,0.558933718,-0.619569213,113.9733429,84.51076968
37119005508,37,119,5508,-0.279394229,-1.13705215,93.01514426,71.57369626
37119005510,37,119,5510,0.046902764,-0.87645839,101.1725691,78.08854026
37119005511,37,119,5511,0.29065218,-0.707121121,107.2663045,82.32197196
37119005512,37,119,5512,0.170616383,-0.960399449,104.2654096,75.99001378
37119005513,37,119,5513,-0.055214404,-0.869795939,98.61963991,78.25510152
37119005515,37,119,5515,-0.587781372,-1.333650413,85.30546569,66.65873967
37119005516,37,119,5516,-0.557374803,-1.445807811,86.06562992,63.85480474
37119005517,37,119,5517,-0.561288765,-1.048870278,85.96778088,73.77824304
37119005519,37,119,5519,-0.234696175,-1.15492383,94.13259563,71.12690425
37119005520,37,119,5520,-0.028268043,-0.905106402,99.29329892,77.37233995
37119005522,37,119,5522,0.645299393,-0.358318085,116.1324848,91.04204787
37119005525,37,119,5525,-0.361793485,-1.159604334,90.95516287,71.00989165
37119005526,37,119,5526,-0.469763072,-1.421756925,88.25592321,64.45607687
37119005527,37,119,5527,0.486552902,-0.530098344,112.1638226,86.7475414
37119005528,37,119,5528,0.351055655,-0.530993899,108.7763914,86.72515253
37119005529,37,119,5529,-0.50037412,-1.587412405,87.49064699,60.31468988
37119005530,37,119,5530,0.183674815,-0.89507474,104.5918704,77.6231315
37119005531,37,119,5531,-0.149556116,-1.155213971,96.2610971,71.11965073
37119005532,37,119,5532,0.258270306,-0.548455864,106.4567576,86.28860341
37119005533,37,119,5533,0.636039217,-0.016075003,115.9009804,99.59812494
37119005534,37,119,5534,0.956948,-0.105616183,123.9237,97.35959544
37119005535,37,119,5535,0.416939675,-0.540303117,110.4234919,86.49242207
37119005536,37,119,5536,0.272868439,-0.751542857,106.821711,81.21142857
37119005604,37,119,5604,0.89642675,0.095500545,122.4106688,102.3875136
37119005609,37,119,5609,0.370645403,-0.087825593,109.2661351,97.80436017
37119005610,37,119,5610,0.22935618,-0.534308643,105.7339045,86.64228392
37119005611,37,119,5611,0.037549522,-1.019608329,100.9387381,74.50979176
37119005612,37,119,5612,0.428656675,-0.600269513,110.7164169,84.99326217
37119005613,37,119,5613,0.387655282,-0.667919503,109.6913821,83.30201244
37119005615,37,119,5615,-0.281958234,-0.973233704,92.95104415,75.66915741
37119005616,37,119,5616,-0.19070223,-1.18302252,95.23244425,70.42443699
37119005617,37,119,5617,-0.283009572,-1.17741432,92.9247607,70.56464201
37119005618,37,119,5618,-0.658046519,-1.139013081,83.54883702,71.52467298
37119005619,37,119,5619,-0.490000227,-1.101831956,87.74999432,72.45420111
37119005621,37,119,5621,-1.032245868,-1.269582298,74.1938533,68.26044254
37119005622,37,119,5622,0.869131512,-0.235828832,121.7282878,94.10427921
37119005623,37,119,5623,0.745075693,-0.2856913,118.6268923,92.85771749
37119005624,37,119,5624,0.21662792,-0.82527538,105.415698,79.3681155
37119005625,37,119,5625,-0.115011799,-1.038781361,97.12470503,74.03046597
37119005626,37,119,5626,-0.233005437,-0.7560839,94.17486407,81.0979025
37119005627,37,119,5627,-0.19558617,-0.94812156,95.11034575,76.296961
37119005709,37,119,5709,0.771872999,-0.22263808,119.296825,94.434048
37119005710,37,119,5710,0.075558546,-0.753577732,101.8889636,81.1605567
37119005712,37,119,5712,-0.070097846,-0.640959111,98.24755385,83.97602223
37119005713,37,119,5713,-0.466590456,-0.947704466,88.33523861,76.30738836
37119005714,37,119,5714,-0.610309491,-1.137488094,84.74226273,71.56279766
37119005716,37,119,5716,0.292240065,-0.664679741,107.3060016,83.38300648
37119005718,37,119,5718,-0.114581615,-0.784850773,97.13545964,80.37873067
37119005719,37,119,5719,-0.147532369,-0.489815909,96.31169077,87.75460227
37119005720,37,119,5720,-0.076997061,-0.713549912,98.07507347,82.16125221
37119005721,37,119,5721,-0.022344533,-0.72088971,99.44138667,81.97775725
37119005722,37,119,5722,0.081994398,-0.879391524,102.0498599,78.0152119
37119005723,37,119,5723,0.282713634,-0.618107796,107.0678408,84.54730511
37119005811,37,119,5811,0.324668534,-0.522978987,108.1167134,86.92552532
37119005815,37,119,5815,0.021075349,-0.386342074,100.5268837,90.34144816
37119005816,37,119,5816,0.157196497,-0.372165038,103.9299124,90.69587404
37119005817,37,119,5817,-0.269347984,-0.773772273,93.26630041,80.65569316
37119005824,37,119,5824,0.253555652,-0.396355553,106.3388913,90.09111118
37119005826,37,119,5826,0.801264518,-0.032510301,120.031613,99.18724247
37119005827,37,119,5827,0.768779472,-0.12552751,119.2194868,96.86181226
37119005828,37,119,5828,0.573428923,-0.317672124,114.3357231,92.0581969
37119005829,37,119,5829,1.040579638,0.000584218,126.0144909,100.0146054
37119005830,37,119,5830,0.459405984,-0.356889396,111.4851496,91.07776509
37119005832,37,119,5832,0.014171807,-0.659677078,100.3542952,83.50807304
37119005833,37,119,5833,0.259796661,-0.571158025,106.4949165,85.72104937
37119005834,37,119,5834,0.678415284,-0.353522199,116.9603821,91.16194503
37119005835,37,119,5835,0.243672029,-0.575681402,106.0918007,85.60796494
37119005836,37,119,5836,-0.545073022,-0.794321464,86.37317444,80.1419634
37119005839,37,119,5839,0.386492295,-0.14240438,109.6623074,96.4398905
37119005840,37,119,5840,0.116048166,-0.494041531,102.9012041,87.64896172
37119005843,37,119,5843,-0.231582406,-0.526803964,94.21043985,86.82990091
37119005845,37,119,5845,-0.384421404,-0.727920129,90.3894649,81.80199677
37119005846,37,119,5846,-0.567738275,-0.883357479,85.80654314,77.91606303
37119005847,37,119,5847,-0.304069366,-0.769148565,92.39826584,80.77128588
37119005848,37,119,5848,-0.202452056,-0.831739717,94.93869861,79.20650708
37119005849,37,119,5849,0.005935389,-0.741084104,100.1483847,81.47289741
37119005851,37,119,5851,-0.608797882,-1.013346387,84.78005296,74.66634032
37119005852,37,119,5852,0.255564549,-0.406060121,106.3891137,89.84849698
37119005853,37,119,5853,1.010203843,0.23472763,125.2550961,105.8681907
37119005854,37,119,5854,0.11702493,-0.037439365,102.9256232,99.06401588
37119005855,37,119,5855,-0.063741169,-0.279022958,98.40647077,93.02442605
37119005856,37,119,5856,-0.582360431,-0.714847726,85.44098922,82.12880685
37119005857,37,119,5857,-0.689107676,-0.992383558,82.77230809,75.19041106
37119005858,37,119,5858,-0.780487616,-0.921589357,80.4878096,76.96026609
37119005859,37,119,5859,0.070397584,-0.49957809,101.7599396,87.51054775
37119005860,37,119,5860,-0.133489324,-0.272018885,96.6627669,93.19952788
37119005861,37,119,5861,-0.009638804,-0.567024025,99.75902991,85.82439937
37119005862,37,119,5862,-0.099144018,-0.293246387,97.52139955,92.66884033
37119005863,37,119,5863,-0.92444777,-1.253839063,76.88880576,68.65402343
37119005864,37,119,5864,-0.758551835,-1.013837618,81.03620413,74.65405955
37119005865,37,119,5865,0.746557389,0.211218551,118.6639347,105.2804638
37119005866,37,119,5866,0.566383485,-0.404759626,114.1595871,89.88100936
37119005867,37,119,5867,0.574839169,0.101957405,114.3709792,102.5489351
37119005868,37,119,5868,0.519111044,-0.064263334,112.9777761,98.39341664
37119005910,37,119,5910,0.197162553,-0.506859499,104.9290638,87.32851251
37119005913,37,119,5913,0.504627499,0.010975517,112.6156875,100.2743879
37119005915,37,119,5915,0.757409147,0.249327558,118.9352287,106.233189
37119005916,37,119,5916,0.285464292,-0.267864759,107.1366073,93.30338103
37119005918,37,119,5918,0.197070329,-0.281165017,104.9267582,92.97087459
37119005919,37,119,5919,-0.243663931,-0.891599226,93.90840173,77.71001936
37119005921,37,119,5921,-0.533666517,-0.670622465,86.65833708,83.23443838
37119005922,37,119,5922,-1.018929179,-1.440313851,74.52677053,63.99215374
37119005923,37,119,5923,-0.179616704,-0.949462372,95.50958239,76.2634407
37119005924,37,119,5924,-0.638118166,-1.284322249,84.04704585,67.89194378
37119005925,37,119,5925,-0.796012529,-1.192785975,80.09968679,70.18035063
37119005926,37,119,5926,-2.75697172,-2.70532242,31.075707,32.3669395
37119005927,37,119,5927,0.463104397,-0.126080576,111.5776099,96.84798559
37119005928,37,119,5928,0.049750813,-0.67270879,101.2437703,83.18228025
37119005929,37,119,5929,0.293268991,-0.250053343,107.3317248,93.74866642
37119005930,37,119,5930,0.521966191,0.09279654,113.0491548,102.3199135
37119005931,37,119,5931,0.376193904,-0.323281978,109.4048476,91.91795054
37119005932,37,119,5932,0.587439227,-0.294834664,114.6859807,92.62913341
37119006008,37,119,6008,-0.157512778,-1.006638331,96.06218055,74.83404172
37119006009,37,119,6009,-0.039197163,-0.987246326,99.02007092,75.31884185
37119006011,37,119,6011,0.477508824,-0.513928223,111.9377206,87.15179442
37119006012,37,119,6012,-0.008164215,-0.574293395,99.79589461,85.64266512
37119006013,37,119,6013,0.094609023,-0.65281497,102.3652256,83.67962575
37119006014,37,119,6014,-0.325183847,-1.094970009,91.87040382,72.62574978
37119006016,37,119,6016,0.17711853,-0.993121288,104.4279632,75.1719678
37119006103,37,119,6103,0.237213183,-0.764280002,105.9303296,80.89299995
37119006105,37,119,6105,-0.130188654,-1.011630818,96.74528364,74.70922954
37119006108,37,119,6108,0.128279201,-1.135262115,103.20698,71.61844714
37119006109,37,119,6109,0.406872317,-0.761826527,110.1718079,80.95433682
37119006110,37,119,6110,-0.012202535,-0.892546679,99.69493662,77.68633303
37119006111,37,119,6111,-0.106225358,-0.864553078,97.34436605,78.38617305
37119006112,37,119,6112,-0.105021756,-0.885340049,97.37445611,77.86649878
37119006113,37,119,6113,-0.125068995,-0.837920908,96.87327514,79.05197729
37119006114,37,119,6114,-0.139883755,-1.013341607,96.50290613,74.66645981
37119006115,37,119,6115,0.016774553,-0.753526652,100.4193638,81.16183371
37119006208,37,119,6208,-0.046916217,-0.424195705,98.82709458,89.39510737
37119006209,37,119,6209,0.587059214,-0.211019174,114.6764804,94.72452065
37119006210,37,119,6210,-0.391124207,-0.771867046,90.22189481,80.70332385
37119006211,37,119,6211,-0.025773209,-0.923070568,99.35566977,76.9232358
37119006212,37,119,6212,0.424109547,-0.548533256,110.6027387,86.28666859
37119006214,37,119,6214,-0.812508325,-1.244503376,79.68729187,68.8874156
37119006216,37,119,6216,-0.396252647,-0.958946771,90.09368382,76.02633072
37119006217,37,119,6217,-1.769675789,-1.463006865,55.75810528,63.42482838
37119006218,37,119,6218,-1.983302931,-1.802449309,50.41742672,54.93876727
37119006219,37,119,6219,-1.350020463,-1.530544442,66.24948844,61.73638894
37119006220,37,119,6220,-1.192276709,-0.949195588,70.19308228,76.27011031
37119006221,37,119,6221,-1.550158644,-1.936112348,61.2460339,51.5971913
37119006306,37,119,6306,0.135616819,-0.836788727,103.3904205,79.08028182
37119006308,37,119,6308,0.57951575,-0.391137368,114.4878937,90.22156579
37119006309,37,119,6309,0.82993867,0.019498839,120.7484667,100.487471
37119006403,37,119,6403,0.202940177,-0.045602772,105.0735044,98.8599307
37119006407,37,119,6407,0.49498601,-0.377647231,112.3746503,90.55881922
37119006408,37,119,6408,0.585260074,0.297103617,114.6315018,107.4275904
37119006410,37,119,6410,0.539130609,-0.110642561,113.4782652,97.23393597
37119006411,37,119,6411,0.461884493,-0.019550785,111.5471123,99.51123037
37125950303,37,125,950303,-3.445814981,-0.493857787,13.85462547,87.65355533
37125950506,37,125,950506,-2.441272091,-0.799802849,38.96819773,80.00492877
37125950601,37,125,950601,-1.806143749,0.023276887,54.84640629,100.5819222
37125950702,37,125,950702,-1.028098139,0.978082065,74.29754652,124.4520516
37125950703,37,125,950703,-1.471337911,0.202611819,63.21655222,105.0652955
37125950704,37,125,950704,-1.057627679,0.76349372,73.55930802,119.087343
37125950801,37,125,950801,-0.621300047,1.218700687,84.46749882,130.4675172
37125950802,37,125,950802,-1.145464651,0.335931318,71.36338372,108.398283
37125950900,37,125,950900,0.14667012,1.691257308,103.666753,142.2814327
37125951102,37,125,951102,-0.342741141,1.107419996,91.43147148,127.6854999
37127010301,37,127,10301,0.367787085,1.271920552,109.1946771,131.7980138
37127010400,37,127,10400,0.679216329,1.334627843,116.9804082,133.3656961
37127010505,37,127,10505,0.497413403,1.148019908,112.4353351,128.7004977
37127010506,37,127,10506,0.316283228,0.937903804,107.9070807,123.4475951
37127010601,37,127,10601,-0.132463838,1.039483522,96.68840406,125.987088
37127010604,37,127,10604,0.355432173,1.175913951,108.8858043,129.3978488
37127011103,37,127,11103,-0.766236909,0.374322264,80.84407728,109.3580566
37129010100,37,129,10100,0.138049124,1.981542779,103.4512281,149.5385695
37129010200,37,129,10200,0.202212415,2.116291449,105.0553104,152.9072862
37129010300,37,129,10300,-0.211495636,2.034577266,94.71260909,150.8644317
37129010400,37,129,10400,-0.081810571,2.058071389,97.95473573,151.4517847
37129010501,37,129,10501,-0.268937531,2.08469116,93.27656172,152.117279
37129010503,37,129,10503,-0.148342293,2.34652004,96.29144268,158.663001
37129010504,37,129,10504,-0.449011227,1.607745677,88.77471933,140.1936419
37129010600,37,129,10600,-0.127063638,2.496592989,96.82340905,162.4148247
37129010700,37,129,10700,0.003608512,1.891772938,100.0902128,147.2943235
37129010800,37,129,10800,-0.448263637,1.583685472,88.79340908,139.5921368
37129010900,37,129,10900,-0.129689295,1.917387706,96.75776762,147.9346926
37129011000,37,129,11000,0.091469614,1.981161533,102.2867404,149.5290383
37129011100,37,129,11100,0.078166039,1.903862247,101.954151,147.5965562
37129011200,37,129,11200,0.320037505,2.466567094,108.0009376,161.6641774
37129011300,37,129,11300,-0.068646635,1.981458077,98.28383411,149.5364519
37129011400,37,129,11400,-0.235344534,1.920092323,94.11638665,148.0023081
37129011501,37,129,11501,-0.220655149,2.153219017,94.48362127,153.8304754
37129011502,37,129,11502,-0.642018151,1.956790978,83.94954622,148.9197745
37129011605,37,129,11605,-0.461761566,1.705873821,88.45596084,142.6468455
37129011606,37,129,11606,-0.460841815,1.954627658,88.47895463,148.8656915
37129011611,37,129,11611,-0.904057582,1.200674854,77.39856046,130.0168714
37129011701,37,129,11701,-0.284428305,1.850772245,92.88929238,146.2693061
37129011703,37,129,11703,-1.147751817,1.559706058,71.30620457,138.9926514
37129011705,37,129,11705,-1.481755802,1.01989063,62.95610494,125.4972658
37129011904,37,129,11904,-0.59230707,2.195042205,85.19232325,154.8760551
37129011905,37,129,11905,-0.340975717,1.998726475,91.47560708,149.9681619
37129011906,37,129,11906,-0.424578277,1.91587818,89.38554308,147.8969545
37129012004,37,129,12004,-1.06681452,1.376102083,73.329637,134.4025521
37129012006,37,129,12006,-0.29060078,1.980680211,92.7349805,149.5170053
37129012007,37,129,12007,-0.323587649,2.022410444,91.91030878,150.5602611
37129012008,37,129,12008,-0.316233858,1.824103631,92.09415356,145.6025908
37129012009,37,129,12009,-0.631355488,1.443941167,84.2161128,136.0985292
37129012010,37,129,12010,-0.638736887,1.613503116,84.03157781,140.3375779
37129012011,37,129,12011,-0.293580936,1.961230775,92.6604766,149.0307694
37129012012,37,129,12012,-1.15950583,1.493293885,71.01235425,137.3323471
37129012103,37,129,12103,-0.639616685,1.737454551,84.00958287,143.4363638
37129012106,37,129,12106,-1.580947495,1.003997538,60.47631262,125.0999384
37129012107,37,129,12107,-1.81976233,1.352671449,54.50594175,133.8167862
37129012108,37,129,12108,-1.585014572,1.282719999,60.3746357,132.068
37129012109,37,129,12109,-1.059421523,1.40714091,73.51446191,135.1785227
37129012110,37,129,12110,-0.58959646,1.712944468,85.26008851,142.8236117
37129012201,37,129,12201,-0.76178859,2.027589495,80.95528525,150.6897374
37129012202,37,129,12202,-1.461406413,1.46170616,63.46483967,136.542654
37129012300,37,129,12300,-1.928453984,0.885400568,51.78865039,122.1350142
37133000105,37,133,105,-1.627952659,2.531756536,59.30118354,163.2939134
37133000204,37,133,204,-4.979990666,-0.033009553,-24.49976665,99.17476118
37133000404,37,133,404,-6.405542665,0.244556899,-60.13856663,106.1139225
37133000600,37,133,600,-4.81463411,1.538797019,-20.36585274,138.4699255
37133000700,37,133,700,-2.773842633,2.13951137,30.65393418,153.4877843
37133000800,37,133,800,-1.801610558,1.96436159,54.95973605,149.1090398
37133000901,37,133,901,-1.826913106,2.081552752,54.32717236,152.0388188
37133000902,37,133,902,-1.639913606,2.747961628,59.00215985,168.6990407
37133001000,37,133,1000,-2.239104737,2.870397423,44.02238158,171.7599356
37133001102,37,133,1102,-2.192694746,1.875252448,45.18263135,146.8813112
37133001201,37,133,1201,-2.612018269,1.107034138,34.69954328,127.6758534
37133001301,37,133,1301,-1.148642413,2.543178992,71.28393968,163.5794748
37133001303,37,133,1303,-0.942022453,2.952274692,76.44943867,173.8068673
37133001400,37,133,1400,-1.328036724,2.618372845,66.79908189,165.4593211
37133001500,37,133,1500,-0.813471797,2.925431259,79.66320508,173.1357815
37133001700,37,133,1700,-0.831702306,2.968350173,79.20744235,174.2087543
37133001800,37,133,1800,-0.703681996,3.514876945,82.40795011,187.8719236
37133002201,37,133,2201,-1.507117816,2.302340179,62.32205459,157.5585045
37133002202,37,133,2202,-1.300840701,2.579737272,67.47898247,164.4934318
37133002300,37,133,2300,-2.891808471,1.541502639,27.70478823,138.537566
37133002400,37,133,2400,-2.535626665,1.666213199,36.60933338,141.65533
37133002600,37,133,2600,-0.867200818,3.253553446,78.31997956,181.3388362
37133002801,37,133,2801,-3.858468311,0.609016644,3.538292221,115.2254161
37133002803,37,133,2803,-3.245521295,1.583499921,18.86196762,139.587498
37135010705,37,135,10705,0.892980838,-0.33444959,122.3245209,91.63876026
37135010706,37,135,10706,0.243162925,-0.761619518,106.0790731,80.95951204
37135010707,37,135,10707,0.934750836,-0.194631493,123.3687709,95.13421268
37135010708,37,135,10708,0.924632638,0.10918976,123.1158159,102.729744
37135011001,37,135,11001,-0.225693479,-0.868969954,94.35766302,78.27575114
37135011002,37,135,11002,0.218563251,-0.522821461,105.4640813,86.92946347
37135011105,37,135,11105,-0.8412666,-1.373811386,78.968335,65.65471534
37135011206,37,135,11206,0.581300595,-0.087007292,114.5325149,97.82481769
37135011207,37,135,11207,0.288066536,-0.435909568,107.2016634,89.10226081
37135011300,37,135,11300,1.074600038,0.062424852,126.865001,101.5606213
37135011400,37,135,11400,0.962527268,-0.010254615,124.0631817,99.74363462
37135011500,37,135,11500,0.777793943,0.084284305,119.4448486,102.1071076
37135011602,37,135,11602,0.844047839,0.416784489,121.101196,110.4196122
37135011700,37,135,11700,0.666540852,0.014682293,116.6635213,100.3670573
37135011800,37,135,11800,0.518512939,-0.265345683,112.9628235,93.36635792
37135011902,37,135,11902,0.577636535,-0.264672806,114.4409134,93.38317985
37135011903,37,135,11903,0.478655618,-0.591427097,111.9663905,85.21432258
37135011904,37,135,11904,0.887439778,-0.053137811,122.1859944,98.67155472
37135012101,37,135,12101,0.699168159,0.070537034,117.479204,101.7634259
37135012102,37,135,12102,0.461775148,-0.171448627,111.5443787,95.71378432
37135012103,37,135,12103,0.606600532,-0.113541812,115.1650133,97.16145469
37135012201,37,135,12201,-0.565900022,-1.149561298,85.85249946,71.26096754
37135012202,37,135,12202,0.375156706,-0.447519596,109.3789177,88.81201011
37139960100,37,139,960100,-0.959463477,4.096743402,76.01341307,202.4185851
37139960200,37,139,960200,-1.55056665,3.886489898,61.23583376,197.1622475
37139960300,37,139,960300,-1.242085707,4.2599577,68.94785733,206.4989425
37139960400,37,139,960400,-1.007564871,4.141787626,74.81087822,203.5446906
37141920201,37,141,920201,-2.271413548,1.045231827,43.2146613,126.1307957
37141920202,37,141,920202,-2.550583506,0.441571649,36.23541234,111.0392912
37145920300,37,145,920300,0.223757995,0.375753312,105.5939499,109.3938328
37147000101,37,147,101,0.55495797,2.235753381,113.8739493,155.8938345
37147000102,37,147,102,0.551607861,2.376225407,113.7901965,159.4056352
37147000201,37,147,201,0.241171705,2.180105571,106.0292926,154.5026393
37147000202,37,147,202,0.213946542,2.340208131,105.3486636,158.5052033
37147000301,37,147,301,-0.1642835,1.677502712,95.89291249,141.9375678
37147000303,37,147,303,-0.131783722,1.877241313,96.70540695,146.9310328
37147000304,37,147,304,-0.437302523,1.143287768,89.06743692,128.5821942
37147000400,37,147,400,0.226549484,2.064187507,105.6637371,151.6046877
37147000501,37,147,501,0.162418636,1.61390981,104.0604659,140.3477453
37147000503,37,147,503,-0.203160957,1.740809639,94.92097608,143.520241
37147000504,37,147,504,-0.139823145,1.529207069,96.50442137,138.2301767
37147000602,37,147,602,-0.001267678,1.797202039,99.96830806,144.930051
37147000604,37,147,604,-0.089146434,1.54996224,97.77133915,138.749056
37147000605,37,147,605,0.033698418,1.873149819,100.8424605,146.8287455
37147000606,37,147,606,-0.186169197,1.182505674,95.34577009,129.5626419
37147000607,37,147,607,-0.666183759,1.195834656,83.34540603,129.8958664
37147000701,37,147,701,0.606477141,2.003089486,115.1619285,150.0772372
37147000702,37,147,702,0.497006841,2.225560476,112.425171,155.6390119
37147000800,37,147,800,0.063617407,1.779529501,101.5904352,144.4882375
37147001003,37,147,1003,-1.258162097,0.632199927,68.54594757,115.8049982
37147001301,37,147,1301,-0.898846353,0.847181543,77.52884118,121.1795386
37147001302,37,147,1302,-0.414697647,1.074819755,89.63255882,126.8704939
37147001305,37,147,1305,-0.768268812,0.85717405,80.79327969,121.4293513
37151030100,37,151,30100,0.491924577,0.535413487,112.2981144,113.3853372
37151030201,37,151,30201,0.864317397,0.827865489,121.6079349,120.6966372
37151030202,37,151,30202,-0.323391696,-0.26697911,91.91520761,93.32552226
37151030301,37,151,30301,0.208780001,-0.17939315,105.2195,95.51517125
37151031303,37,151,31303,-1.786188792,-1.573576109,55.34528021,60.66059728
37151031401,37,151,31401,0.081877393,-0.551671416,102.0469348,86.20821459
37151031402,37,151,31402,0.294766425,-0.289737851,107.3691606,92.75655372
37151031501,37,151,31501,-2.257379845,-2.265806656,43.56550388,43.35483361
37151031503,37,151,31503,0.535599075,-0.06464908,113.3899769,98.38377299
37151031504,37,151,31504,0.561461444,-0.311694517,114.0365361,92.20763707
37151031602,37,151,31602,0.504060304,0.235578718,112.6015076,105.889468
37153970500,37,153,970500,0.38584066,1.595568282,109.6460165,139.8892071
37153970600,37,153,970600,-0.38477989,0.690284161,90.38050274,117.257104
37153970700,37,153,970700,-0.079563776,1.049368964,98.01090559,126.2342241
37153970900,37,153,970900,-0.199709756,0.676900527,95.00725609,116.9225132
37155960501,37,155,960501,-1.616277429,0.094627965,59.59306428,102.3656991
37155960502,37,155,960502,-0.536307942,1.240543959,86.59230146,131.013599
37155960702,37,155,960702,-0.83489019,0.498050932,79.12774526,112.4512733
37155960900,37,155,960900,0.566094653,1.623235809,114.1523663,140.5808952
37155961000,37,155,961000,0.69909589,1.512642975,117.4773972,137.8160744
37155961200,37,155,961200,0.26069085,1.278903938,106.5172713,131.9725985
37157040300,37,157,40300,0.997266846,1.236726226,124.9316712,130.9181556
37157040800,37,157,40800,-0.569365094,0.072936743,85.76587265,101.8234186
37157041200,37,157,41200,0.364216458,0.528812859,109.1054114,113.2203215
37157041400,37,157,41400,0.154441538,0.322747088,103.8610384,108.0686772
37157041502,37,157,41502,0.228233569,0.456015595,105.7058392,111.4003899
37159050202,37,159,50202,0.912376651,0.419516593,122.8094163,110.4879148
37159050300,37,159,50300,0.730992678,0.706096336,118.274817,117.6524084
37159050400,37,159,50400,1.027181983,0.883343355,125.6795496,122.0835839
37159050500,37,159,50500,0.940747106,0.934258029,123.5186777,123.3564507
37159051002,37,159,51002,-0.744337625,-0.655687869,81.39155939,83.60780329
37159051204,37,159,51204,-0.085489115,-0.003008607,97.86277213,99.92478483
37159051303,37,159,51303,0.396003137,0.526144395,109.9000784,113.1536099
37159051501,37,159,51501,0.775590203,-0.287616398,119.3897551,92.80959006
37159051502,37,159,51502,-0.349523203,-0.920727167,91.26191992,76.98182082
37159051600,37,159,51600,0.03234477,-0.71628324,100.8086193,82.092919
37159051700,37,159,51700,-0.242181034,-0.550099019,93.94547416,86.24752451
37159052000,37,159,52000,1.072746757,0.898442299,126.8186689,122.4610575
37161960600,37,161,960600,0.08555717,0.782779954,102.1389293,119.5694989
37161960800,37,161,960800,-0.229206099,0.429126822,94.26984752,110.7281706
37163970701,37,163,970701,-1.69806251,2.311717497,57.54843726,157.7929374
37165010102,37,165,10102,-0.298604022,0.799895677,92.53489946,119.9973919
37165010200,37,165,10200,0.228284966,1.002506393,105.7071241,125.0626598
37167930300,37,167,930300,0.245436445,0.673673282,106.1359111,116.841832
37167931203,37,167,931203,0.693511269,0.757904952,117.3377817,118.9476238
37167931204,37,167,931204,0.960583517,1.468428106,124.0145879,136.7107027
37169070506,37,169,70506,0.54221087,-0.352463347,113.5552717,91.18841632
37171930302,37,171,930302,0.424624734,1.175808245,110.6156184,129.3952061
37171930400,37,171,930400,0.608124184,1.605937517,115.2031046,140.1484379
37171930501,37,171,930501,-0.982051632,0.340823985,75.44870919,108.5205996
37171930502,37,171,930502,0.013771007,0.957252845,100.3442752,123.9313211
37171930901,37,171,930901,0.308355007,1.320444359,107.7088752,133.011109
37179020307,37,179,20307,-0.633189299,-0.848418058,84.17026751,78.78954856
37179020309,37,179,20309,-0.7428053,-0.866031674,81.42986751,78.34920814
37179020310,37,179,20310,-0.701940714,-1.095651502,82.45148216,72.60871244
37179020312,37,179,20312,0.121759246,-0.354974153,103.0439811,91.12564618
37179020313,37,179,20313,-0.139833072,-0.646337396,96.5041732,83.8415651
37179020314,37,179,20314,-0.038158151,-0.521559585,99.04604622,86.96101036
37179020315,37,179,20315,-0.467733236,-0.807513271,88.30666911,79.81216822
37179020316,37,179,20316,-0.751536696,-1.018479392,81.21158261,74.53801519
37179020317,37,179,20317,-1.047504015,-1.362534388,73.81239963,65.93664029
37179020318,37,179,20318,-0.272509245,-0.826170764,93.18726888,79.3457309
37179020319,37,179,20319,-0.529076897,-0.917337124,86.77307756,77.06657191
37179020320,37,179,20320,-0.326584402,-0.672220742,91.83538994,83.19448145
37179020321,37,179,20321,-0.115018973,-0.446622357,97.12452568,88.83444107
37179020401,37,179,20401,-0.292137648,-0.393400383,92.69655881,90.16499043
37179020403,37,179,20403,-0.424073413,-0.660084883,89.39816467,83.49787792
37179020405,37,179,20405,0.303641939,0.754288899,107.5910485,118.8572225
37179020406,37,179,20406,0.740025695,0.671787581,118.5006424,116.7946895
37179020501,37,179,20501,-0.059978992,-0.075831072,98.5005252,98.10422321
37179021006,37,179,21006,-0.937995357,-0.924298211,76.55011608,76.89254472
37179021007,37,179,21007,-1.288441643,-1.197705983,67.78895893,70.05735042
37179021013,37,179,21013,0.078517127,0.019426931,101.9629282,100.4856733
37179021016,37,179,21016,-1.074966488,-0.969540639,73.12583781,75.76148404
37179021019,37,179,21019,-2.113784955,-2.104708078,47.15537613,47.38229805
37179021020,37,179,21020,-1.035624033,-1.231722201,74.10939918,69.20694497
37179021021,37,179,21021,-1.012209072,-1.417983209,74.6947732,64.55041978
37181960400,37,181,960400,-0.414154582,0.419269691,89.64613546,110.4817423
37181960500,37,181,960500,0.218767261,1.067172449,105.4691815,126.6793112
37181960600,37,181,960600,-0.904958867,-0.021348462,77.37602833,99.46628845
37181960700,37,181,960700,0.228163677,1.094336017,105.7040919,127.3584004
37181960800,37,181,960800,-0.495598766,0.09803558,87.61003084,102.4508895
37183050100,37,183,50100,1.160415118,0.292237069,129.010378,107.3059267
37183050300,37,183,50300,1.105650618,0.372019677,127.6412655,109.3004919
37183050400,37,183,50400,0.939393985,0.548640506,123.4848496,113.7160127
37183050500,37,183,50500,0.989113954,0.339329304,124.7278489,108.4832326
37183050600,37,183,50600,1.051214616,0.347961828,126.2803654,108.6990457
37183050700,37,183,50700,1.009771606,0.077959402,125.2442901,101.9489851
37183050800,37,183,50800,0.813284106,-0.18381844,120.3321027,95.404539
37183050900,37,183,50900,0.967703156,0.050555615,124.1925789,101.2638904
37183051000,37,183,51000,0.942879446,0.416327218,123.5719861,110.4081805
37183051102,37,183,51102,0.983696618,0.6251207,124.5924155,115.6280175
37183051200,37,183,51200,1.249904248,0.336160338,131.2476062,108.4040084
37183051400,37,183,51400,0.773233512,-0.186691768,119.3308378,95.33270581
37183051501,37,183,51501,0.384608806,-0.006342177,109.6152202,99.84144558
37183051502,37,183,51502,0.755075103,0.275356104,118.8768776,106.8839026
37183051600,37,183,51600,0.711687211,0.139207388,117.7921803,103.4801847
37183051700,37,183,51700,0.523818221,0.129695076,113.0954555,103.2423769
37183051800,37,183,51800,0.77265241,-0.181019241,119.3163103,95.47451897
37183051900,37,183,51900,0.791764177,0.024278625,119.7941044,100.6069656
37183052001,37,183,52001,1.036254419,0.010138966,125.9063605,100.2534742
37183052002,37,183,52002,0.617873295,-0.345846377,115.4468324,91.35384057
37183052101,37,183,52101,0.807401768,-0.172348207,120.1850442,95.69129482
37183052102,37,183,52102,0.672574986,-0.299929998,116.8143747,92.50175006
37183052303,37,183,52303,0.392419549,-0.264202594,109.8104887,93.39493514
37183052304,37,183,52304,0.21159839,-0.556846502,105.2899598,86.07883746
37183052305,37,183,52305,0.537234237,-0.166607378,113.4308559,95.83481555
37183052401,37,183,52401,0.270804469,-0.547013833,106.7701117,86.32465417
37183052404,37,183,52404,0.791596981,0.060373235,119.7899245,101.5093309
37183052407,37,183,52407,0.782730259,-0.201681135,119.5682565,94.95797162
37183052408,37,183,52408,0.759626878,0.103997474,118.9906719,102.5999368
37183052409,37,183,52409,0.779674713,-0.242829412,119.4918678,93.9292647
37183052504,37,183,52504,0.718185324,-0.094600579,117.9546331,97.63498553
37183052505,37,183,52505,0.088189056,-0.687145082,102.2047264,82.82137294
37183052506,37,183,52506,0.476627737,-0.440158716,111.9156934,88.99603211
37183052507,37,183,52507,0.919304276,0.171072066,122.9826069,104.2768017
37183052508,37,183,52508,0.435852503,-0.254046808,110.8963126,93.64882981
37183052509,37,183,52509,0.463649292,-0.406105661,111.5912323,89.84735846
37183052601,37,183,52601,0.479514127,-0.341833517,111.9878532,91.45416207
37183052602,37,183,52602,0.774625779,-0.1648827,119.3656445,95.87793251
37183052603,37,183,52603,0.607513457,-0.340438876,115.1878364,91.48902811
37183052701,37,183,52701,1.159067996,0.187148505,128.9766999,104.6787126
37183052704,37,183,52704,0.915390055,-0.059209843,122.8847514,98.51975392
37183052705,37,183,52705,1.012558876,0.334257437,125.3139719,108.3564359
37183052706,37,183,52706,0.6984233,-0.239232032,117.4605825,94.01919919
37183052707,37,183,52707,0.469581293,-0.320476247,111.7395323,91.98809383
37183052801,37,183,52801,0.514325894,-0.211462146,112.8581474,94.71344635
37183052802,37,183,52802,0.645283404,-0.260420421,116.1320851,93.48948948
37183052809,37,183,52809,-0.559976883,-1.109505759,86.00057794,72.26235601
37183052810,37,183,52810,-0.157306983,-0.888564579,96.06732543,77.78588554
37183052811,37,183,52811,0.200573693,-0.574992008,105.0143423,85.6251998
37183052812,37,183,52812,0.7821668,-0.037338896,119.55417,99.06652761
37183052814,37,183,52814,0.238233247,-0.639701637,105.9558312,84.00745908
37183052902,37,183,52902,-1.683260414,-1.523179371,57.91848965,61.92051572
37183052903,37,183,52903,-0.844933823,-1.444363624,78.87665442,63.89090939
37183052906,37,183,52906,-2.168105766,-2.333354598,45.79735586,41.66613505
37183053003,37,183,53003,0.671455016,-0.304924559,116.7863754,92.37688603
37183053004,37,183,53004,0.379978992,-0.247300538,109.4994748,93.81748655
37183053005,37,183,53005,-0.036670601,-0.737508,99.08323499,81.5623
37183053006,37,183,53006,-1.588313654,-1.932735002,60.29215866,51.68162496
37183053007,37,183,53007,-0.856620471,-1.478174137,78.58448823,63.04564659
37183053009,37,183,53009,0.021726373,-0.714512306,100.5431593,82.13719235
37183053010,37,183,53010,-0.128262208,-0.956288615,96.79344481,76.09278464
37183053011,37,183,53011,0.183190469,-0.548596777,104.5797617,86.28508058
37183053105,37,183,53105,-0.447038614,-0.598191803,88.82403466,85.04520494
37183053106,37,183,53106,-0.941173604,-0.871831722,76.47065991,78.20420695
37183053109,37,183,53109,-1.862181265,-1.736144727,53.44546836,56.59638184
37183053111,37,183,53111,-1.699762624,-1.769499653,57.50593441,55.76250869
37183053112,37,183,53112,-0.375318251,-0.309757555,90.61704372,92.25606113
37183053113,37,183,53113,-1.154950274,-0.954133406,71.12624314,76.14666484
37183053114,37,183,53114,-1.162838459,-1.055767347,70.92903852,73.60581633
37183053202,37,183,53202,-0.495108564,-0.906863049,87.62228591,77.32842378
37183053203,37,183,53203,-0.485237657,-0.832320868,87.86905856,79.19197829
37183053204,37,183,53204,-0.083663626,-0.440614057,97.90840934,88.98464857
37183053205,37,183,53205,-0.590705973,-0.896543535,85.23235068,77.58641164
37183053206,37,183,53206,-0.753710227,-0.798809681,81.15724432,80.02975796
37183053405,37,183,53405,0.503494926,-0.369108234,112.5873732,90.77229415
37183053408,37,183,53408,0.165681382,-0.786226435,104.1420345,80.34433913
37183053409,37,183,53409,0.010186606,-0.679711585,100.2546652,83.00721038
37183053410,37,183,53410,-1.316723211,-1.747793275,67.08191974,56.30516812
37183053415,37,183,53415,0.58466027,-0.108301881,114.6165068,97.29245297
37183053419,37,183,53419,0.559956786,-0.278495506,113.9989196,93.03761235
37183053421,37,183,53421,-0.466657953,-0.919566724,88.33355117,77.0108319
37183053422,37,183,53422,0.355176394,-0.524787958,108.8794099,86.88030106
37183053423,37,183,53423,0.613119119,-0.318618944,115.327978,92.0345264
37183053424,37,183,53424,0.305268276,-0.576281309,107.6317069,85.59296727
37183053425,37,183,53425,0.378283223,-0.537184191,109.4570806,86.57039524
37183053429,37,183,53429,0.679997854,-0.128965713,116.9999464,96.77585717
37183053430,37,183,53430,0.425885032,-0.291367982,110.6471258,92.71580044
37183053431,37,183,53431,-0.199073045,-0.857537541,95.02317388,78.56156148
37183053433,37,183,53433,-0.275558103,-0.698439054,93.11104743,82.53902366
37183053434,37,183,53434,0.522371109,-0.322023967,113.0592777,91.94940082
37183053435,37,183,53435,0.507069981,-0.070370619,112.6767495,98.24073453
37183053436,37,183,53436,0.760269074,-0.199247082,119.0067268,95.01882294
37183053505,37,183,53505,0.429389253,-0.465692523,110.7347313,88.35768693
37183053506,37,183,53506,0.840124807,-0.149025906,121.0031202,96.27435236
37183053507,37,183,53507,0.838880381,-0.057011258,120.9720095,98.57471856
37183053509,37,183,53509,0.413598916,-0.439696975,110.3399729,89.00757562
37183053512,37,183,53512,0.104588003,-0.670809186,102.6147001,83.22977036
37183053513,37,183,53513,0.66372776,-0.30380044,116.593194,92.40498899
37183053516,37,183,53516,0.534384054,-0.227367623,113.3596014,94.31580943
37183053517,37,183,53517,0.929342103,-0.223317207,123.2335526,94.41706983
37183053518,37,183,53518,0.431942591,-0.625611867,110.7985648,84.35970332
37183053519,37,183,53519,0.745265387,-0.181048622,118.6316347,95.47378445
37183053520,37,183,53520,0.64386181,-0.121699189,116.0965453,96.95752028
37183053521,37,183,53521,0.001099402,-0.505464793,100.0274851,87.36338018
37183053522,37,183,53522,0.414361156,-0.214707148,110.3590289,94.6323213
37183053523,37,183,53523,0.221560411,-0.582177362,105.5390103,85.44556596
37183053524,37,183,53524,0.86048182,-0.116320019,121.5120455,97.09199952
37183053525,37,183,53525,0.271282662,-0.587358838,106.7820666,85.31602905
37183053603,37,183,53603,-0.618164869,-1.087154213,84.54587827,72.82114467
37183053604,37,183,53604,-0.402567036,-1.019086563,89.9358241,74.52283592
37183053608,37,183,53608,-0.357903411,-1.015764454,91.05241473,74.60588864
37183053609,37,183,53609,0.354726799,-0.085433217,108.86817,97.86416958
37183053611,37,183,53611,-0.19961254,-0.574074264,95.00968651,85.6481434
37183053612,37,183,53612,-0.05933237,-0.847948839,98.51669076,78.80127903
37183053613,37,183,53613,-0.240876287,-0.673350788,93.97809283,83.16623029
37183053614,37,183,53614,-0.552950306,-1.30045884,86.17624236,67.48852901
37183053615,37,183,53615,-0.445833655,-1.114182494,88.85415862,72.14543766
37183053616,37,183,53616,-0.388931572,-1.032357712,90.27671071,74.19105721
37183053617,37,183,53617,-0.924567726,-1.474657034,76.88580685,63.13357414
37183053619,37,183,53619,-0.50235932,-0.882875303,87.44101701,77.92811743
37183053620,37,183,53620,-0.595500532,-1.148386135,85.11248671,71.29034663
37183053711,37,183,53711,-0.029318811,-1.011975274,99.26702972,74.70061816
37183053712,37,183,53712,0.085475497,-0.75984823,102.1368874,81.00379426
37183053713,37,183,53713,0.055211227,-0.992195787,101.3802807,75.19510532
37183053714,37,183,53714,0.641247916,-0.172699371,116.0311979,95.68251572
37183053715,37,183,53715,0.213990167,-0.530811985,105.3497542,86.72970038
37183053716,37,183,53716,0.54624738,-0.313831609,113.6561845,92.15420978
37183053717,37,183,53717,-0.195191629,-1.096891761,95.12020927,72.57770597
37183053718,37,183,53718,-0.554172197,-1.176692905,86.14569509,70.58267737
37183053719,37,183,53719,-0.799022446,-1.320462298,80.02443884,66.98844255
37183053720,37,183,53720,-2.014046845,-2.320268807,49.64882888,41.99327983
37183053721,37,183,53721,-0.607015707,-1.191390624,84.82460732,70.21523441
37183053722,37,183,53722,0.276113777,-0.455953329,106.9028444,88.60116677
37183053723,37,183,53723,0.589007664,-0.286664839,114.7251916,92.83337903
37183053724,37,183,53724,0.059592719,-0.993035244,101.489818,75.17411889
37183053725,37,183,53725,0.319164018,-0.657437293,107.9791004,83.56406767
37183053726,37,183,53726,0.89560287,-0.237243521,122.3900717,94.06891197
37183053727,37,183,53727,0.515294564,-0.501330178,112.8823641,87.46674555
37183053728,37,183,53728,0.8218064,0.144544217,120.54516,103.6136054
37183053803,37,183,53803,-0.931991311,-1.333244963,76.70021723,66.66887592
37183053805,37,183,53805,-1.245945101,-1.617181174,68.85137249,59.57047066
37183053806,37,183,53806,-1.066097673,-1.308348356,73.34755818,67.29129111
37183053807,37,183,53807,-0.41557183,-0.930479056,89.61070424,76.7380236
37183053808,37,183,53808,-0.411738735,-0.914209798,89.70653162,77.14475505
37183054001,37,183,54001,0.608871011,-0.108985364,115.2217753,97.2753659
37183054004,37,183,54004,0.62616827,-0.274527501,115.6542068,93.13681247
37183054006,37,183,54006,0.500452204,-0.35834312,112.5113051,91.04142201
37183054007,37,183,54007,0.599858187,-0.24240077,114.9964547,93.93998076
37183054008,37,183,54008,0.623178834,-0.26102265,115.5794709,93.47443375
37183054011,37,183,54011,0.352621879,-0.405571684,108.815547,89.8607079
37183054012,37,183,54012,0.349645626,-0.133181184,108.7411407,96.6704704
37183054015,37,183,54015,0.525484232,-0.240068449,113.1371058,93.99828877
37183054016,37,183,54016,0.328277054,-0.694493235,108.2069264,82.63766912
37183054017,37,183,54017,0.469558303,-0.076937858,111.7389576,98.07655354
37183054018,37,183,54018,0.656122755,-0.055514858,116.4030689,98.61212854
37183054019,37,183,54019,0.088831473,-0.547640742,102.2207868,86.30898146
37183054020,37,183,54020,-0.178110795,-1.000694759,95.54723013,74.98263102
37183054021,37,183,54021,-0.591735272,-1.223273134,85.20661819,69.41817166
37183054106,37,183,54106,0.469203831,-0.417784755,111.7300958,89.55538113
37183054108,37,183,54108,-0.632963325,-0.945565681,84.17591688,76.36085797
37183054109,37,183,54109,-2.79704618,-2.314932522,30.07384551,42.12668694
37183054112,37,183,54112,-0.597258559,-1.11303879,85.06853603,72.17403026
37183054114,37,183,54114,0.061535781,-0.637695717,101.5383945,84.05760707
37183054116,37,183,54116,-0.299651551,-0.99407709,92.50871122,75.14807274
37183054117,37,183,54117,0.188288036,-0.626025046,104.7072009,84.34937386
37183054203,37,183,54203,-0.25171177,-0.956032341,93.70720575,76.09919147
37183054204,37,183,54204,-0.143602078,-0.874686917,96.40994806,78.13282709
37183054206,37,183,54206,0.219215184,-0.564166717,105.4803796,85.89583207
37183054212,37,183,54212,0.111698582,-0.689915882,102.7924646,82.75210294
37183054213,37,183,54213,-0.551995187,-1.115099658,86.20012031,72.12250856
37183054217,37,183,54217,-0.718197701,-0.972292372,82.04505749,75.69269069
37183054218,37,183,54218,-0.485029028,-1.160359259,87.8742743,70.99101854
37183054219,37,183,54219,0.111454729,-0.654123936,102.7863682,83.6469016
37183054220,37,183,54220,-0.497438827,-0.895743709,87.56402933,77.60640729
37183054223,37,183,54223,-0.334657332,-0.918369399,91.6335667,77.04076503
37183054224,37,183,54224,0.436845327,-0.070893901,110.9211332,98.22765247
37183054305,37,183,54305,-1.055248675,-1.128999801,73.61878313,71.77500498
37183054501,37,183,54501,0.214630788,-0.676573767,105.3657697,83.08565581
37183054502,37,183,54502,0.721442955,0.109188465,118.0360739,102.7297116
37189920500,37,189,920500,0.213582203,1.789802263,105.3395551,144.7450566
37189920601,37,189,920601,0.681799578,1.98317479,117.0449895,149.5793697
37189920703,37,189,920703,-0.752012354,0.697549408,81.19969116,117.4387352
37191000102,37,191,102,-1.275790247,-0.006143012,68.10524382,99.8464247
37191000402,37,191,402,-2.308995086,-0.562882708,42.27512284,85.92793231
37191001200,37,191,1200,0.357902223,1.377200496,108.9475556,134.4300124
37191001301,37,191,1301,-0.308256462,1.038440584,92.29358844,125.9610146
37191001302,37,191,1302,0.364871667,1.576889242,109.1217917,139.4222311
37191001401,37,191,1401,0.564193872,1.497579544,114.1048468,137.4394886
37191001402,37,191,1402,0.225054965,1.313280487,105.6263741,132.8320122
37191001800,37,191,1800,0.625875209,1.62827213,115.6468802,140.7068033
37191001900,37,191,1900,0.55322648,1.217600958,113.830662,130.440024
37193960402,37,193,960402,-1.405835614,-0.131022863,64.85410966,96.72442842
37193960500,37,193,960500,-0.038490154,0.872424127,99.03774615,121.8106032
37193961100,37,193,961100,-0.399861938,1.149205236,90.00345154,128.7301309
37195000100,37,195,100,0.841720494,1.21708219,121.0430124,130.4270547
37195000200,37,195,200,0.753061999,0.875033323,118.82655,121.8758331
37195000300,37,195,300,0.878483487,1.164545589,121.9620872,129.1136397
37195000401,37,195,401,1.043622992,1.651967163,126.0905748,141.2991791
37195000402,37,195,402,0.425825974,1.05313001,110.6456494,126.3282503
37195000501,37,195,501,0.349197385,1.017098798,108.7299346,125.42747
37195000502,37,195,502,0.191952866,0.910955752,104.7988216,122.7738938
37195000601,37,195,601,0.559839968,1.658328218,113.9959992,141.4582055
37195000801,37,195,801,0.632766547,1.524536772,115.8191637,138.1134193
